EmployeeID,LastName,FirstName,Title,TitleOfCourtesy,BirthDate,HireDate,Address,City,Region,PostalCode,Country,HomePhone,Extension,Photo,Notes,ReportsTo,PhotoPath
1,Bradley,Irene,Chemical Engineer,Mr,1963-02-09,2011-09-12,0646 Eagle Crest Street,Columbus,Georgia,31998,United States,8-(171)648-7764,53,OxFEFEFEEFDFFFFFDEEFEEEAFEEDAFEEEF,Nullam varius. Nulla facilisi.,17,https://jiathis.com
2,Oliver,Lisa,Product Engineer,Mr,1990-04-26,2012-11-04,5378 Summerview Road,Phoenix,Arizona,85067,United States,6-(189)405-9149,70,OxDECDCDEFFFDFFEFFFEEDFEE8FFDFFEFD,Suspendisse potenti. In eleifend quam a odio.,89,https://goo.ne.jp
3,James,Sean,Statistician I,Rev,1987-10-17,2011-09-19,19 Comanche Street,Richmond,Virginia,23260,United States,3-(135)472-6695,5,OxCEFFECEEECFFEFAFFFFDFDFDFEFFFFFF,"Donec ut mauris eget massa tempor convallis. Nulla neque libero, convallis eget, eleifend luctus, ultricies eu, nibh.",82,https://angelfire.com
4,Myers,Christina,Social Worker,Mrs,1967-06-28,2011-06-27,28290 Stoughton Circle,Ridgely,Maryland,21684,United States,3-(058)507-4649,81,OxFFDFFFFFDEEFBFBFEFCEFDFFFFFDCDFD,Suspendisse potenti. Cras in purus eu magna vulputate luctus.,9,http://theatlantic.com
5,Matthews,Lois,Clinical Specialist,Mr,1980-12-21,2014-10-06,4 Spohn Parkway,Milwaukee,Wisconsin,53205,United States,5-(353)991-4860,33,OxEFEFFDFFFFFFFFFFFDFBFFEEDFDDEEFF,Quisque ut erat.,35,http://vk.com
6,Nelson,Shawn,Product Engineer,Honorable,1994-11-18,2012-10-20,3979 Gerald Lane,Irving,Texas,75062,United States,4-(327)796-8647,38,OxFCFEFEEDF6EFFDF2FFFBDFDFFFFFFFFF,"Donec ut mauris eget massa tempor convallis. Nulla neque libero, convallis eget, eleifend luctus, ultricies eu, nibh.",69,http://mit.edu
7,Collins,Christine,Recruiter,Ms,1970-04-09,2011-11-05,2855 Esker Terrace,Chicago,Illinois,60630,United States,2-(963)861-2783,30,OxFAFE4EADCFFBCFEEFEAEFBFFFDFCFEFF,"In est risus, auctor sed, tristique in, tempus sit amet, sem. Fusce consequat.",2,http://themeforest.net
8,Wagner,Marilyn,Web Designer II,Mr,1954-09-26,2011-04-24,6519 Artisan Pass,Cincinnati,Ohio,45208,United States,1-(163)173-2380,17,OxFEEBCFEDBFEDEDFFFEEAFFDFDDDFDEDF,Nulla facilisi.,69,https://nyu.edu
9,James,William,Junior Executive,Mr,1974-01-07,2014-06-18,058 Pepper Wood Point,Philadelphia,Pennsylvania,19141,United States,9-(271)322-7597,6,OxACEFFEFFFFBFFBEDFFEFF3DECFFFFFFE,"Lorem ipsum dolor sit amet, consectetuer adipiscing elit. Proin risus.",38,https://chicagotribune.com
10,Gray,Ronald,Electrical Engineer,Honorable,1974-05-04,2014-09-22,53139 Browning Place,Dallas,Texas,75379,United States,2-(418)002-1462,27,OxCEFFAEFCFFFFFFAFFFEFFCFE7FBEECCF,"Lorem ipsum dolor sit amet, consectetuer adipiscing elit.",64,https://xing.com
11,Burke,Louis,Automation Specialist I,Ms,1976-04-06,2013-03-18,218 Mitchell Center,Melbourne,Florida,32941,United States,8-(084)567-6404,10,OxDFFDC0EFF7FEFEFFCEECCECCEFFBFDCE,"In hac habitasse platea dictumst. Aliquam augue quam, sollicitudin vitae, consectetuer eget, rutrum at, lorem.",17,http://list-manage.com
12,Cole,Anthony,Chemical Engineer,Ms,1965-04-26,2011-09-23,8106 Dixon Junction,Charleston,West Virginia,25336,United States,1-(554)732-1062,72,OxEFDFEDCFDFDDEEDFFEFFFFDFFFEFCEFE,Donec posuere metus vitae ipsum. Aliquam non mauris.,89,http://stumbleupon.com
13,Perez,Louis,Geological Engineer,Mrs,1956-11-25,2011-05-04,65331 Summerview Avenue,Boise,Idaho,83732,United States,5-(288)192-9208,99,OxFFFFCDFCFFEFDFFEEBBFFFECCEEDCDBF,In congue.,72,http://cnet.com
14,Kennedy,Alan,Nurse,Mrs,1988-03-20,2013-10-30,3330 Maple Way,Anderson,South Carolina,29625,United States,0-(324)560-3019,34,OxFEC6FE2EFCFECEFBCFFFFECFFFEBFEDF,Donec dapibus. Duis at velit eu est congue elementum.,11,https://prlog.org
15,Harper,Phyllis,Programmer III,Dr,1995-03-10,2011-09-14,96842 Dryden Road,Arlington,Virginia,22244,United States,8-(866)193-2824,48,OxFEADEFDEAFFFFFEEEDECDFFFFFFFEEEF,Donec dapibus.,29,http://smugmug.com
16,Rogers,Janet,Design Engineer,Mr,1969-12-25,2013-06-29,50 Tennessee Way,Arlington,Virginia,22244,United States,9-(710)857-7639,28,OxFFFFFEDFDEFDFEFFFDDECFDEFFFFD0FF,In hac habitasse platea dictumst.,50,http://craigslist.org
17,Hart,Marilyn,Desktop Support Technician,Rev,1991-02-20,2012-07-27,6 Lake View Plaza,Philadelphia,Pennsylvania,19191,United States,3-(217)662-0735,68,OxEFD8EEFFAFFFCDEAFF2DFEBECEFFFFDF,Morbi non lectus. Aliquam sit amet diam in magna bibendum imperdiet.,38,https://trellian.com
18,Lee,Donna,Analog Circuit Design manager,Honorable,1995-08-05,2011-11-03,58 Lillian Pass,Tampa,Florida,33680,United States,0-(114)928-1219,5,Ox2FFFBDFE3FFFEEEFFFFEEDFCFBED7FFF,"Nullam orci pede, venenatis non, sodales sed, tincidunt eu, felis. Fusce posuere felis sed lacus.",34,https://reuters.com
19,Gonzalez,Sandra,Assistant Manager,Honorable,1951-07-22,2014-02-17,9 Kingsford Lane,Raleigh,North Carolina,27690,United States,1-(411)168-5746,88,OxDFDEFFCECEEFFFFECEDDFDEEFFFFCFFE,"Nulla neque libero, convallis eget, eleifend luctus, ultricies eu, nibh. Quisque id justo sit amet sapien dignissim vestibulum.",22,http://yandex.ru
20,Cruz,Patricia,Quality Engineer,Honorable,1993-04-17,2011-10-18,1 Ruskin Terrace,Tulsa,Oklahoma,74103,United States,6-(062)570-4500,95,OxFCFFEFFFEFFEFEEFFEFEEFDFEFFCFFAF,"Fusce congue, diam id ornare imperdiet, sapien urna pretium nisl, ut volutpat sapien arcu sed augue.",84,http://ifeng.com
21,Mcdonald,Phillip,Administrative Assistant II,Dr,1988-03-15,2013-03-28,47217 Quincy Court,Gastonia,North Carolina,28055,United States,6-(188)617-2821,33,OxFFFFDFDFFEEEEFFFEFFFFBFFEFFFBBCC,Nullam varius. Nulla facilisi.,11,https://jigsy.com
22,Stone,Andrew,Payment Adjustment Coordinator,Rev,1964-03-17,2014-11-03,736 Summerview Plaza,Eugene,Oregon,97405,United States,7-(448)490-7669,68,OxFFEFBFFEFBECFE5EAFFFCFFEFFCECFFE,Etiam vel augue. Vestibulum rutrum rutrum neque.,35,https://cdc.gov
23,Scott,Pamela,Nurse,Mrs,1988-01-07,2012-07-25,3 Florence Hill,Milwaukee,Wisconsin,53285,United States,8-(132)346-3794,78,OxFEFFDFDFEFFDFDFFDEFEFEDEFDEFFBFA,Curabitur gravida nisi at nibh. In hac habitasse platea dictumst.,68,http://google.nl
24,Dean,Brenda,Senior Developer,Ms,1986-08-20,2012-07-01,1 3rd Crossing,Tallahassee,Florida,32314,United States,0-(846)165-5674,36,OxEDFDFEEFEFFFE3FFFBFFFDDFFDFDFEEF,Aenean fermentum. Donec ut mauris eget massa tempor convallis.,36,http://php.net
25,Black,Joseph,Database Administrator II,Mr,1964-11-23,2012-03-01,08 Magdeline Lane,Indianapolis,Indiana,46226,United States,3-(731)371-3220,23,OxFFFFFDDEEFEFFFEFFDC5CFFDFCDFAFFF,Duis bibendum. Morbi non quam nec dui luctus rutrum.,5,http://weibo.com
26,Bell,Michelle,Senior Cost Accountant,Mr,1958-12-10,2013-02-14,3 Weeping Birch Trail,Toledo,Ohio,43615,United States,4-(580)395-6422,4,OxFFEEFFFEEFECEEFFBFADFFFFEFF8FFEE,In congue. Etiam justo.,78,https://free.fr
27,Montgomery,Linda,Research Assistant I,Ms,1959-02-27,2012-05-11,321 Portage Lane,Roanoke,Virginia,24034,United States,6-(631)247-1225,73,OxFFFFEFFEFDFFCFFFFEDFFFEDEFDAEFDB,"In hac habitasse platea dictumst. Aliquam augue quam, sollicitudin vitae, consectetuer eget, rutrum at, lorem.",77,http://wix.com
28,Dunn,Philip,Programmer II,Dr,1977-06-19,2013-11-09,9 Superior Plaza,Milwaukee,Wisconsin,53285,United States,9-(672)122-2893,13,Ox2FEFFFECCFEFFFFED9EFEEFDFEFBFEFF,Maecenas rhoncus aliquam lacus. Morbi quis tortor id nulla ultrices aliquet.,87,https://slideshare.net
29,Rodriguez,Brandon,Help Desk Technician,Mrs,1954-02-02,2013-06-28,960 Arrowood Court,San Francisco,California,94169,United States,5-(713)262-8393,20,OxEDFFFDEEFFFFFFFDFCFFDFCFFEFEEFED,In eleifend quam a odio.,73,https://ibm.com
30,Smith,William,Product Engineer,Rev,1965-04-10,2013-04-13,56074 Autumn Leaf Pass,Houston,Texas,77025,United States,9-(696)818-4656,21,OxFEEFFFEEEEFFFFEBFDFFFEDFFFFEFFEF,Nullam sit amet turpis elementum ligula vehicula consequat. Morbi a ipsum.,58,http://paginegialle.it
31,Lawson,Kathy,Research Nurse,Mr,1982-10-10,2011-12-17,1338 Dixon Pass,Vienna,Virginia,22184,United States,0-(170)624-7289,50,OxEFFE8CDEDDEDDFEEEFCFFDEFECCEDFFD,"Vivamus metus arcu, adipiscing molestie, hendrerit at, vulputate vitae, nisl. Aenean lectus.",66,https://google.pl
32,Grant,Keith,VP Sales,Mrs,1994-07-28,2012-01-07,6 Laurel Road,El Paso,Texas,88530,United States,8-(013)540-2269,24,OxFFEDEFFFFDFEFDDBFDFEFDFFFDFDFECE,Quisque id justo sit amet sapien dignissim vestibulum.,11,https://google.com.hk
33,Allen,Catherine,VP Sales,Rev,1995-12-25,2011-09-13,31 Birchwood Trail,New Haven,Connecticut,06510,United States,7-(476)637-9549,32,OxEDDDDFFFEEFFFCEBFBFCCFEFEFFEDFEE,Donec posuere metus vitae ipsum.,16,https://baidu.com
34,Rice,Ernest,Research Associate,Dr,1959-09-06,2014-03-27,4257 Artisan Terrace,Brooklyn,New York,11210,United States,9-(899)824-9233,84,OxFBFFDDEDBFBFFFBAEEFFFEEEEAFCFEEC,In quis justo.,79,http://wp.com
35,Bryant,Donald,Graphic Designer,Honorable,1995-11-21,2012-08-24,4 Fulton Center,Anaheim,California,92825,United States,1-(529)965-3529,10,OxFFFDDBFFEDFFFFFEECFFFD2FFFFCBFED,"Morbi ut odio. Cras mi pede, malesuada in, imperdiet et, commodo vulputate, justo.",44,http://storify.com
36,Baker,Linda,Media Manager I,Honorable,1960-12-22,2014-01-08,39 Butterfield Pass,Des Moines,Iowa,50305,United States,0-(485)466-2905,25,OxCEEFDFFEECFFBFBFEFEBEFEEEEFEFEEF,Vestibulum ante ipsum primis in faucibus orci luctus et ultrices posuere cubilia Curae; Mauris viverra diam vitae quam.,2,https://rakuten.co.jp
37,Edwards,Ashley,Web Designer I,Mrs,1987-05-28,2011-08-23,688 Green Ridge Road,Lancaster,Pennsylvania,17605,United States,6-(009)947-5020,18,OxEEEEFFFBFFEFBFDEFFFDEDFDFEFFCAFE,Aenean sit amet justo.,49,https://google.pl
38,Graham,Craig,Nurse,Rev,1973-02-01,2011-12-02,74027 Troy Alley,West Palm Beach,Florida,33416,United States,4-(462)668-8749,25,OxEEFFEFFEEFDFEEEEFFFABFFEFECEFFFF,Nulla tellus. In sagittis dui vel nisl.,8,https://photobucket.com
39,Woods,Daniel,Tax Accountant,Ms,1982-07-06,2012-05-17,95 Corry Terrace,Daytona Beach,Florida,32118,United States,9-(446)536-8938,67,OxFFBEEFEFFEFDFCEFFFEFDEDECFFDFEFF,"Nullam orci pede, venenatis non, sodales sed, tincidunt eu, felis.",3,https://google.pl
40,Frazier,Martin,Geological Engineer,Mr,1972-05-11,2012-12-15,1544 Beilfuss Street,Peoria,Arizona,85383,United States,6-(634)756-1441,45,OxEEFEAEEDFCFEFFEDFDEECEFFFFEDAFEF,Vivamus tortor.,64,https://yellowbook.com
41,Stewart,Walter,Programmer Analyst III,Ms,1960-05-11,2013-02-06,8 Meadow Ridge Junction,Valdosta,Georgia,31605,United States,4-(872)719-3823,80,OxCFFEEFFEFFFCFDDFDFFFD1FDFDFEFDFD,Donec ut dolor.,55,https://goodreads.com
42,Phillips,Eugene,Senior Sales Associate,Dr,1984-05-26,2013-01-19,8401 Bluejay Place,Columbia,South Carolina,29215,United States,7-(917)694-6991,81,OxFFDFFEFCFEFFFFFCFDEAFEFFFEFFFBFF,Suspendisse ornare consequat lectus.,69,https://sciencedirect.com
43,Ramos,Melissa,Assistant Media Planner,Dr,1967-12-16,2014-10-11,21969 Blue Bill Park Point,Columbia,South Carolina,29208,United States,9-(783)308-5365,38,OxFEFEEEFDDEFEFFFDECFFFECFFFFFFEFF,Maecenas rhoncus aliquam lacus.,25,https://nytimes.com
44,Cunningham,Jennifer,Software Test Engineer II,Mrs,1994-06-09,2014-08-02,34 Mccormick Trail,Washington,District of Columbia,20591,United States,7-(250)583-1107,26,OxEFFFEFFDEFFFFDCCFDFEEEEDFFCFFEFF,Morbi non quam nec dui luctus rutrum. Nulla tellus.,11,https://microsoft.com
45,Wheeler,Amy,Automation Specialist I,Mrs,1976-12-09,2012-12-19,11695 Del Sol Street,North Little Rock,Arkansas,72199,United States,3-(415)859-1372,48,OxEFDFCD8FFEFF1DEEFEFDECBFFFFEBEFE,Suspendisse potenti.,95,http://acquirethisname.com
46,Peters,Louise,Analyst Programmer,Mr,1999-02-07,2014-09-04,5 Sage Center,Waterbury,Connecticut,06705,United States,1-(016)664-9863,62,OxFFFEFFDFFFFEFFBFFBBFFFECEDBEAEFE,"Integer aliquet, massa id lobortis convallis, tortor risus dapibus augue, vel accumsan tellus nisi eu orci.",77,https://gnu.org
47,Kelley,Gary,Financial Advisor,Rev,1981-03-13,2012-02-15,5 Logan Crossing,Lexington,Kentucky,40505,United States,6-(044)991-0850,59,OxAEFFEFBFFCDFEFCEFFFEFFFCCFFFFDED,Mauris sit amet eros. Suspendisse accumsan tortor quis turpis.,43,https://usnews.com
48,Hicks,Anthony,Help Desk Technician,Honorable,1980-05-11,2014-06-06,21660 Melvin Trail,Pasadena,Texas,77505,United States,5-(413)353-6721,81,OxAFFFFDCFFEFFFBBDFFFEFFEFEECEDEEE,Vestibulum ac est lacinia nisi venenatis tristique.,99,https://springer.com
49,Edwards,Anna,Project Manager,Mrs,1975-04-19,2012-05-15,3 Hansons Parkway,Jamaica,New York,11470,United States,3-(255)130-6581,87,OxCEEFFF2FEEFFFDFDFECFEFCDFFFFEFDD,Ut tellus. Nulla ut erat id mauris vulputate elementum.,53,https://tumblr.com
50,Willis,Douglas,Account Coordinator,Mrs,1992-02-15,2011-10-09,566 Shasta Alley,Sioux Falls,South Dakota,57188,United States,0-(963)657-0114,18,OxDFFEEEFDEFFFADFDFBDFABFFBFFFFFCF,Curabitur in libero ut massa volutpat convallis.,53,https://nytimes.com
51,Riley,Dorothy,Geological Engineer,Mrs,1974-11-06,2013-01-11,5779 Carpenter Center,Fort Lauderdale,Florida,33315,United States,4-(826)052-6260,12,OxEEFFFCCFFECFFAEDFEEFEECEDFFFDDCF,Integer non velit.,63,https://rambler.ru
52,Simpson,Terry,Clinical Specialist,Honorable,1989-09-06,2013-03-13,33 Old Gate Road,Cincinnati,Ohio,45218,United States,5-(141)772-9172,71,OxBFEECDFFAFFFFDEFEFCFFFECDFCDFDCD,Suspendisse ornare consequat lectus.,47,https://domainmarket.com
53,Riley,Joe,Nurse Practicioner,Ms,1956-01-19,2013-02-26,6907 Golf Court,Birmingham,Alabama,35205,United States,4-(617)645-0488,64,OxDEDFECEFCFFDFFEF2DDFFEFDFEFFEEFE,Nulla ac enim.,84,https://newyorker.com
54,Henry,Alice,Automation Specialist I,Ms,1961-12-24,2014-01-02,7 Burning Wood Center,Washington,District of Columbia,20525,United States,0-(184)453-8832,17,OxFDEEEFE8FDFEFDEDCFEFDFDDCCFFFCCF,Vestibulum ante ipsum primis in faucibus orci luctus et ultrices posuere cubilia Curae; Duis faucibus accumsan odio.,4,http://angelfire.com
55,Vasquez,Edward,Accounting Assistant II,Mr,1999-12-03,2012-09-26,7994 Sheridan Court,New York City,New York,10060,United States,9-(331)325-5815,98,OxFFCFDFEDEFFEEDFFFCFEFDFEFDCBFFEE,"Nam ultrices, libero non mattis pulvinar, nulla pede ullamcorper augue, a suscipit nulla elit ac nulla. Sed vel enim sit amet nunc viverra dapibus.",71,https://discovery.com
56,Wagner,Sandra,Human Resources Assistant IV,Honorable,1958-05-20,2014-03-24,3 Mesta Avenue,Columbus,Ohio,43220,United States,5-(241)937-1072,68,OxDEEEBEFEEEFEFFAEFFFFDFEFFDEFFEDF,"Cum sociis natoque penatibus et magnis dis parturient montes, nascetur ridiculus mus.",36,http://reuters.com
57,Payne,Howard,Pharmacist,Mr,2000-09-25,2013-04-07,9 Buell Parkway,Washington,District of Columbia,20409,United States,8-(832)246-1682,82,OxDFFFEFCEFEF7DFFFEEFFEFCFDDFF5AFB,Nulla tellus.,3,http://jugem.jp
58,Henry,Nicholas,Chief Design Engineer,Rev,1962-06-10,2014-04-03,536 Amoth Hill,Canton,Ohio,44720,United States,6-(025)946-4039,2,OxEEEFFEEFFFFEFFEB0FEFFFEEFEDDFAE9,Maecenas tincidunt lacus at velit.,68,https://about.com
59,Brooks,Kelly,Registered Nurse,Mrs,1961-03-14,2013-11-07,8 Clyde Gallagher Court,Plano,Texas,75074,United States,9-(712)138-8201,11,OxFFBDFEEEEFEEFFEFEFDEEFCFFFFFCEFE,Curabitur gravida nisi at nibh. In hac habitasse platea dictumst.,27,https://wunderground.com
60,Peters,Jose,Engineer IV,Mrs,1973-12-01,2014-03-23,73035 Meadow Valley Trail,Peoria,Illinois,61651,United States,6-(998)576-3040,52,Ox5EFEEFFDFFEDFFFEEEEFEFFFDFEFCFFF,Proin eu mi. Nulla ac enim.,22,https://tamu.edu
61,Reyes,Sara,General Manager,Honorable,1962-04-26,2014-01-04,5 Havey Trail,Montpelier,Vermont,05609,United States,1-(557)324-8487,17,OxFEFEFFFDFFFFEFDEEFCDEEDFFFFEFDFF,Suspendisse potenti.,7,https://amazon.co.jp
62,Stevens,Ruth,Nuclear Power Engineer,Dr,1988-11-21,2011-03-12,8 Mayer Park,Richmond,Virginia,23277,United States,7-(469)482-2675,49,OxFEFCEFCDFFFDCFFFFEFFFEDDCBEFDDEF,Pellentesque eget nunc.,96,http://tinyurl.com
63,Burton,Tina,Dental Hygienist,Rev,1985-01-21,2013-05-08,128 Village Green Street,Bronx,New York,10469,United States,2-(697)855-5929,15,OxEEDDFFEDEDFDFFC25EFFADFFBFFEEEDD,"In hac habitasse platea dictumst. Aliquam augue quam, sollicitudin vitae, consectetuer eget, rutrum at, lorem.",37,https://printfriendly.com
64,Garrett,Chris,Internal Auditor,Dr,1976-03-03,2013-12-10,517 Mosinee Way,Englewood,Colorado,80150,United States,4-(057)678-6438,67,Ox3EFEEFEDFEFFFFDDFFFCEDFFFFEBFFFF,"Quisque porta volutpat erat. Quisque erat eros, viverra eget, congue eget, semper rutrum, nulla.",78,http://flavors.me
65,Baker,Alan,Food Chemist,Mrs,1964-07-23,2014-07-18,25359 Holmberg Lane,Wilmington,North Carolina,28410,United States,8-(922)983-4985,51,OxFFFDFFFEDFFDEEFFFFFF0EFFCFFBFFF6,"Nam nulla. Integer pede justo, lacinia eget, tincidunt eget, tempus vel, pede.",41,https://samsung.com
66,Bishop,Justin,Automation Specialist I,Mrs,1983-04-03,2012-09-12,53 Rockefeller Trail,Richmond,Virginia,23289,United States,6-(722)906-6338,33,OxFCFFFFDDFEEFFFEEFCFFDEEEFFEFEAEF,Sed accumsan felis. Ut at dolor quis odio consequat varius.,87,https://blog.com
67,Morrison,Nicole,Accountant III,Mrs,1990-11-11,2012-01-26,659 Jana Junction,Austin,Texas,78749,United States,7-(508)585-2625,49,OxEEDEFEEFFDFBFECFFEDEFFFDFCFFFDFD,Integer a nibh. In quis justo.,92,https://japanpost.jp
68,Marshall,Irene,Media Manager I,Dr,1969-07-12,2010-11-26,8160 Monterey Circle,New Castle,Pennsylvania,16107,United States,4-(181)432-3057,93,OxEFEFBEFFFFFBDCDFFFEFEFFFFFFFEFEE,"Nam congue, risus semper porta volutpat, quam pede lobortis ligula, sit amet eleifend pede libero quis orci. Nullam molestie nibh in lectus.",22,https://scientificamerican.com
69,Coleman,Jeremy,Nuclear Power Engineer,Mrs,1969-04-24,2013-11-23,849 Evergreen Court,Miami,Florida,33147,United States,5-(126)532-0529,19,OxEFDF5EEEFFEDFFEEFFDEEFCFFFCEDFEF,Curabitur gravida nisi at nibh.,61,https://usnews.com
70,Fernandez,Andrew,VP Accounting,Dr,1995-12-09,2013-04-26,7 Barnett Trail,Hartford,Connecticut,06145,United States,4-(241)227-6353,9,OxCFEEFEFEFFEEFEDFCD8DEFFDFCDFFDFF,"Aliquam augue quam, sollicitudin vitae, consectetuer eget, rutrum at, lorem. Integer tincidunt ante vel ipsum.",50,http://pinterest.com
71,Gutierrez,Norma,Senior Cost Accountant,Mrs,1991-12-20,2014-04-02,97 Hanover Alley,Saint Louis,Missouri,63104,United States,3-(309)694-4566,53,OxFFFDEDFDDFDFDDFFEFFBFFFCEDEFEFDF,Fusce consequat.,57,http://archive.org
72,Peterson,Jane,Food Chemist,Rev,1981-11-29,2013-03-16,2635 Lunder Center,Knoxville,Tennessee,37924,United States,2-(555)980-7840,91,OxEFEFFFFDEFEFCDDCFDDDFEEFFDFFBFFE,Suspendisse potenti. Cras in purus eu magna vulputate luctus.,77,https://icq.com
73,Powell,Ralph,Account Representative I,Dr,2000-01-24,2011-09-21,0 Veith Crossing,San Diego,California,92121,United States,1-(204)676-0318,69,OxFFDDBEFDFEFFFFFFEFFEFDFDDEFFFDFC,Suspendisse accumsan tortor quis turpis. Sed ante.,39,http://sun.com
74,Hamilton,David,Geological Engineer,Rev,1981-04-17,2013-10-15,8106 Manley Place,Springfield,Massachusetts,01114,United States,6-(838)076-3807,46,OxE7DCEFAFDFEFFFDFDEDEEFFEFEDFCFFE,Nunc purus.,96,https://ft.com
75,Wright,Susan,General Manager,Rev,1978-08-17,2011-12-24,27 Almo Center,Beaumont,Texas,77713,United States,2-(220)047-1516,24,OxEFEFEEDDFFFFFEEBEFFFFEFEFFFE9FEF,"Aliquam augue quam, sollicitudin vitae, consectetuer eget, rutrum at, lorem. Integer tincidunt ante vel ipsum.",13,http://github.com
76,Stevens,Kathryn,Recruiting Manager,Honorable,1966-11-30,2013-11-22,53063 Sherman Drive,South Lake Tahoe,California,96154,United States,7-(063)614-9940,94,OxFBDECF2FDFFFDFFEDFEFFFEEFBDFEBFD,Donec vitae nisi.,53,https://adobe.com
77,Hart,Michael,Research Associate,Mrs,1963-04-19,2014-01-07,53265 Forest Dale Road,Kansas City,Missouri,64190,United States,9-(496)421-2566,67,OxEEBFFDFEAEFBEFDEFFEFBEFFFCB1FEEF,Integer a nibh.,68,http://ft.com
78,Price,Kenneth,Paralegal,Ms,1981-07-04,2011-06-29,478 Barby Terrace,Suffolk,Virginia,23436,United States,3-(430)207-0645,17,OxEFCFEEDFFFFBEBEFFAFDCEEFFDFCBCDF,"Cras mi pede, malesuada in, imperdiet et, commodo vulputate, justo. In blandit ultrices enim.",73,https://amazon.de
79,Holmes,Patricia,Cost Accountant,Honorable,1952-11-02,2014-03-10,630 Fordem Trail,New York City,New York,10170,United States,2-(830)763-2892,40,OxCFEFEDFEAFCCEECFFEF4FFCEFEDFEFEF,Phasellus sit amet erat.,9,https://i2i.jp
80,Matthews,Amanda,Geologist IV,Honorable,1965-07-15,2013-08-23,38420 Linden Place,Washington,District of Columbia,20260,United States,4-(386)485-7430,5,OxFEECDFFEAEEEBDFF3FFFFFDEFCEFFEEF,Sed accumsan felis.,30,https://vk.com
81,Parker,Gerald,Help Desk Technician,Ms,1993-05-11,2014-02-05,01 Brown Road,Houston,Texas,77005,United States,4-(472)210-4764,27,OxFCFFFE0FFFCEDCFFDFCDFFDFEFDFFFFE,Suspendisse potenti.,26,https://storify.com
82,Carroll,Karen,Quality Control Specialist,Honorable,1956-07-21,2013-04-14,205 Kensington Center,Corpus Christi,Texas,78415,United States,5-(204)912-9200,61,OxEFFEDFFFEFECFFFFEFFDFDDDEDFFCFFF,Quisque ut erat. Curabitur gravida nisi at nibh.,26,http://goo.gl
83,Chavez,Frances,Electrical Engineer,Mr,1984-07-11,2012-05-15,287 Truax Trail,Homestead,Florida,33034,United States,3-(981)289-2971,66,OxEEFDBFDCFFDFEEDFEDEADDEEFFDFDFEF,In hac habitasse platea dictumst.,89,http://exblog.jp
84,Ramos,Jennifer,Accountant I,Mrs,1952-07-25,2012-10-17,1601 Mandrake Hill,Portland,Oregon,97201,United States,8-(713)450-9821,54,OxFFFFCFEDCFFCCF7FFDFFDDFFDBFCFEED,Duis aliquam convallis nunc.,11,https://chronoengine.com
85,Nelson,Cheryl,VP Marketing,Mrs,1962-09-12,2013-08-17,66 Muir Alley,Newark,New Jersey,07188,United States,2-(630)021-8778,59,OxEFFFFE9FFEFFFEEEEFFFFECFEFEEECFE,"Mauris ullamcorper purus sit amet nulla. Quisque arcu libero, rutrum ac, lobortis vel, dapibus at, diam.",12,https://zimbio.com
86,Fisher,Dennis,Civil Engineer,Mr,1958-05-29,2013-03-11,2 Pankratz Pass,San Jose,California,95155,United States,1-(912)034-6059,5,OxFDFEEFFFDDFFFFFDEEFFFEBFEFFFFFDF,"Nunc nisl. Duis bibendum, felis sed interdum venenatis, turpis enim blandit mi, in porttitor pede justo eu massa.",14,https://ning.com
87,Ferguson,Donna,Pharmacist,Mr,1989-09-05,2013-02-28,8835 Westport Court,Salinas,California,93907,United States,8-(937)429-6869,76,OxDEFFFEFCBFFEFFFFDEE9FEEFFFFDFEFF,Pellentesque viverra pede ac diam. Cras pellentesque volutpat dui.,65,http://bbb.org
88,Duncan,Angela,Graphic Designer,Dr,1990-08-12,2012-03-17,5849 Esch Alley,Washington,District of Columbia,20073,United States,6-(647)397-1274,47,OxDDFFDFFFEDEFFDFBFFEDFFFEFFFFAFFD,Etiam pretium iaculis justo.,74,http://timesonline.co.uk
89,Black,Steven,Structural Analysis Engineer,Mr,1986-03-23,2012-09-14,965 Schiller Park,Atlanta,Georgia,30306,United States,7-(105)572-2435,61,OxFFFCDFEFEEFFFFFCFFEFE4FFFDECFEFE,"Vestibulum ante ipsum primis in faucibus orci luctus et ultrices posuere cubilia Curae; Donec pharetra, magna vestibulum aliquet ultrices, erat tortor sollicitudin mi, sit amet lobortis sapien sapien non mi. Integer ac neque.",100,https://themeforest.net
90,Burke,Alan,Librarian,Mrs,1982-03-12,2012-10-26,80274 Tennyson Place,Jamaica,New York,11436,United States,4-(473)430-5417,5,OxECFFFFEDEDEDDFFFFFFEFFFFFEFCFEFF,Suspendisse potenti. Nullam porttitor lacus at turpis.,77,http://toplist.cz
91,Romero,Eugene,Analyst Programmer,Mr,1959-09-29,2014-02-16,12011 Cherokee Center,Philadelphia,Pennsylvania,19115,United States,2-(189)087-4415,97,OxEEFEEFEFEEECFCBDFFFFDF9CAFFDEFEC,"Integer pede justo, lacinia eget, tincidunt eget, tempus vel, pede. Morbi porttitor lorem id ligula.",67,http://macromedia.com
92,Rose,Cheryl,Administrative Assistant IV,Honorable,1967-06-01,2011-11-22,9634 Iowa Crossing,Oklahoma City,Oklahoma,73190,United States,0-(657)557-8552,54,OxDFFFFCFEBE6EEFEFEDDFECDFFBFDFFEF,"Vivamus metus arcu, adipiscing molestie, hendrerit at, vulputate vitae, nisl. Aenean lectus.",7,https://cyberchimps.com
93,Woods,John,Tax Accountant,Ms,1990-01-13,2011-03-08,35148 1st Plaza,Shawnee Mission,Kansas,66276,United States,9-(019)307-9268,94,OxDEFFECFBFE3FEDFEEFDACFFEDDDDECFD,Etiam pretium iaculis justo.,38,https://omniture.com
94,Watson,Chris,Clinical Specialist,Dr,1969-07-06,2012-12-09,0 Springview Plaza,Cedar Rapids,Iowa,52405,United States,5-(187)101-6548,89,OxFCFFFFEEFEECFFEEFBFEEEFEFDEFEEEF,Suspendisse potenti.,43,http://ocn.ne.jp
95,Myers,Robin,Chief Design Engineer,Honorable,2000-10-07,2014-10-20,1680 Upham Court,Tucson,Arizona,85754,United States,4-(323)484-1294,37,OxFDECCFDFCEEFCFFEFFCDCEEFEFFBFFED,In hac habitasse platea dictumst.,79,http://blogspot.com
96,Burke,Harold,Media Manager III,Honorable,1996-06-20,2013-10-03,55 Sheridan Park,Meridian,Mississippi,39305,United States,2-(219)607-9804,3,OxFFEFEFFFDDAFFEBFFDDFEEEFEFEFDBCF,Morbi a ipsum.,80,https://businessweek.com
97,Powell,Diane,Analyst Programmer,Mr,1975-06-08,2011-09-08,6 Caliangt Place,Birmingham,Alabama,35225,United States,7-(748)251-8842,39,OxFEFEEDFCFFFFBFFFFEAFFFFFFFFFBFEC,"Integer aliquet, massa id lobortis convallis, tortor risus dapibus augue, vel accumsan tellus nisi eu orci.",32,https://wordpress.com
98,Romero,Matthew,Senior Sales Associate,Rev,1960-06-27,2012-03-06,96 Towne Park,Trenton,New Jersey,08695,United States,6-(869)589-4158,11,OxEFEEDDDFFFEFFFEFEFFFEDEFEFEFFCFE,Vivamus vel nulla eget eros elementum pellentesque.,4,http://microsoft.com
99,Oliver,Jesse,Nurse,Mr,1970-04-12,2012-07-16,44085 Buell Terrace,Amarillo,Texas,79159,United States,1-(633)786-5027,9,OxEDFFFFFEEDBFFFFAFFFFFFFBDFFEFEFE,Pellentesque viverra pede ac diam.,96,http://home.pl
100,Ryan,Jeremy,Nuclear Power Engineer,Mrs,1993-03-12,2013-02-12,8 Oak Alley,Bethesda,Maryland,20816,United States,6-(092)555-4713,75,OxFCFEFCEFDFEFFEEFDFDEFFFFFEFAEEFC,"Cras in purus eu magna vulputate luctus. Cum sociis natoque penatibus et magnis dis parturient montes, nascetur ridiculus mus.",89,https://bigcartel.com
