SupplierID,CompanyName,ContactName,ContactTitle,Address,City,Region,PostalCode,Country,Phone,Fax,HomePage
1,Aibox,Bonnie White,Analog Circuit Design manager,7 Rieder Road,Dallas,Texas,75216,US,6-(659)892-0564,4-(790)521-8560,https://patch.com/morbi/non/quam.js
2,Flipstorm,Jose Watson,Quality Engineer,22325 Melby Way,Brea,California,92822,US,7-(427)171-5472,6-(707)958-9693,https://huffingtonpost.com/pede/lobortis/ligula.xml
3,Fivespan,Christopher Stewart,Occupational Therapist,8 Swallow Crossing,Columbus,Ohio,43215,US,1-(436)550-5005,9-(525)384-5588,https://cargocollective.com/placerat/ante.html
4,Vitz,Eugene James,Analog Circuit Design manager,360 Merchant Park,Kansas City,Missouri,64144,US,7-(303)439-8561,4-(281)107-6414,https://theglobeandmail.com/dui/luctus.xml
5,Blogspan,Matthew Gordon,Engineer I,0 Sycamore Crossing,Columbia,Missouri,65218,US,7-(230)305-6386,7-(345)057-5981,https://naver.com/tellus/in/sagittis/dui/vel/nisl/duis.js
6,Skidoo,Joshua Burton,Tax Accountant,2 Artisan Alley,Joliet,Illinois,60435,US,6-(705)166-4011,0-(086)794-0830,http://bloglines.com/aliquam/quis.png
7,Yacero,Michelle Fuller,Dental Hygienist,606 Hovde Alley,Charlotte,North Carolina,28247,US,4-(699)550-6324,6-(894)442-5141,https://columbia.edu/libero/convallis.jpg
8,Buzzshare,James Sanders,Web Designer IV,360 Linden Avenue,Midland,Michigan,48670,US,0-(755)341-1114,1-(275)016-3111,https://istockphoto.com/dignissim/vestibulum/vestibulum/ante/ipsum.html
9,Flashset,Jason Cruz,Web Developer II,4 Dorton Parkway,Tucson,Arizona,85710,US,8-(561)348-7384,2-(093)658-7297,http://deliciousdays.com/ac/diam.aspx
10,Dynabox,Todd Riley,Programmer Analyst III,8675 School Trail,Las Vegas,Nevada,89193,US,8-(801)896-5412,8-(196)430-4689,http://youtu.be/vel/dapibus/at/diam/nam/tristique/tortor.aspx
11,Browseblab,Christopher Russell,Associate Professor,185 Meadow Ridge Place,Spring Hill,Florida,34611,US,9-(554)302-4591,4-(662)402-1463,https://printfriendly.com/amet/sem/fusce/consequat/nulla.html
12,Babbleset,Steven Ruiz,Recruiter,6280 Manitowish Hill,Fullerton,California,92835,US,8-(492)325-1126,9-(257)502-7354,http://fc2.com/rutrum.jsp
13,Gigazoom,Carolyn White,Civil Engineer,7774 Shoshone Road,Phoenix,Arizona,85040,US,7-(404)748-2984,2-(004)883-4759,http://github.io/ipsum/aliquam/non.jsp
14,Roombo,Jonathan Parker,Media Manager I,848 Blaine Court,Kansas City,Missouri,64136,US,6-(432)613-1798,6-(278)170-2926,https://ca.gov/mattis/pulvinar/nulla/pede.html
15,Jaxworks,Patricia Thompson,Project Manager,04 Goodland Pass,Roanoke,Virginia,24040,US,5-(653)233-3337,6-(738)536-6980,http://redcross.org/magna.js
16,Mybuzz,Philip Wheeler,Geological Engineer,51480 Larry Parkway,Frederick,Maryland,21705,US,0-(016)197-1174,8-(370)846-1725,https://mozilla.com/quis/libero/nullam.jsp
17,Browsetype,Charles Berry,Dental Hygienist,1345 Summerview Street,Fullerton,California,92835,US,2-(906)011-4934,2-(714)390-8043,https://seesaa.net/id/luctus/nec/molestie/sed/justo.json
18,Skinte,Amanda Rose,Quality Control Specialist,463 Center Place,Denver,Colorado,80299,US,6-(411)736-9132,7-(423)441-5999,https://yahoo.co.jp/ligula/nec/sem/duis/aliquam.jsp
19,Mudo,Rachel Mills,Junior Executive,98 Dryden Street,Jacksonville,Florida,32236,US,4-(576)066-9308,9-(753)239-4596,https://ebay.co.uk/vehicula/condimentum/curabitur/in/libero/ut/massa.png
20,Katz,Eugene Jackson,VP Sales,95 Gerald Park,Huntington,West Virginia,25775,US,1-(708)163-4294,7-(379)309-6540,http://dedecms.com/in/hac.xml
21,Skyndu,Lori Stone,Administrative Officer,02 Scoville Junction,Lansing,Michigan,48930,US,6-(670)009-6150,0-(610)437-6902,http://home.pl/sapien/cursus.json
22,Plambee,Gregory Stevens,Financial Advisor,63447 Manley Drive,Houston,Texas,77040,US,3-(916)559-4186,9-(215)130-9939,https://plala.or.jp/in/magna.xml
23,Kwideo,Jeffrey Lopez,Senior Sales Associate,76 Anniversary Court,New Orleans,Louisiana,70149,US,7-(628)146-8145,1-(860)369-4437,https://ning.com/sem/duis/aliquam/convallis/nunc/proin.png
24,Centidel,Timothy Fox,Speech Pathologist,812 Ohio Junction,Little Rock,Arkansas,72215,US,2-(699)615-3839,6-(097)374-1562,https://who.int/in/sagittis/dui/vel/nisl/duis.xml
25,Rhyzio,Janet Williams,Analyst Programmer,9 Goodland Pass,Tampa,Florida,33625,US,3-(369)173-5007,4-(654)936-9922,http://ucla.edu/a/nibh/in/quis/justo.jpg
26,Shuffletag,Joan Bradley,Senior Financial Analyst,48537 Lunder Trail,Stockton,California,95298,US,6-(511)381-4894,2-(935)685-8850,http://mysql.com/sed/magna.html
27,Topdrive,Jerry Harvey,Systems Administrator IV,1 Loeprich Point,Washington,District of Columbia,20099,US,9-(785)568-9146,5-(658)161-7720,http://buzzfeed.com/donec/ut/dolor/morbi/vel/lectus.png
28,Realbridge,Stephanie Welch,Cost Accountant,3340 Spohn Trail,Rochester,New York,14639,US,6-(616)614-4971,8-(832)174-1377,http://de.vu/blandit/ultrices/enim/lorem/ipsum.aspx
29,Divavu,Roger Cole,Financial Analyst,22 Sunfield Point,White Plains,New York,10606,US,8-(359)986-8981,1-(524)329-7472,http://facebook.com/cursus/id/turpis/integer/aliquet/massa.jsp
30,Topdrive,Elizabeth Grant,Office Assistant I,5 Thackeray Drive,Cheyenne,Wyoming,82007,US,3-(132)594-8907,9-(287)041-8639,http://goo.ne.jp/mattis/odio/donec/vitae/nisi/nam/ultrices.html
31,Trudeo,Richard Howell,Director of Sales,593 Spaight Court,New Orleans,Louisiana,70129,US,0-(345)022-9788,4-(312)104-1680,http://youtu.be/massa/volutpat/convallis/morbi/odio.json
32,Linkbuzz,Janet Miller,Paralegal,571 Kennedy Drive,Scranton,Pennsylvania,18514,US,3-(112)862-0701,2-(210)987-4050,https://reuters.com/lectus/suspendisse/potenti/in/eleifend/quam.png
33,Agimba,Keith Armstrong,Product Engineer,0924 Southridge Road,Greensboro,North Carolina,27415,US,9-(637)740-4725,0-(696)847-7152,http://nydailynews.com/donec/dapibus/duis/at.json
34,Skivee,Edward Taylor,Sales Representative,8031 Brentwood Road,Louisville,Kentucky,40225,US,1-(827)718-4524,8-(627)277-0974,http://rakuten.co.jp/hac.xml
35,Tagchat,Roy Ramos,Quality Control Specialist,78122 Hagan Circle,Garden Grove,California,92645,US,1-(674)458-7890,8-(182)128-7274,http://plala.or.jp/penatibus/et/magnis/dis/parturient/montes/nascetur.jsp
36,Browsecat,William Gordon,Nurse,26278 Forster Point,Kissimmee,Florida,34745,US,7-(373)557-0343,9-(555)107-7119,https://abc.net.au/sapien/cum/sociis/natoque/penatibus/et.png
37,Edgetag,Amanda Mcdonald,Quality Engineer,79472 Becker Drive,Bronx,New York,10469,US,3-(729)983-1046,1-(455)948-3081,https://theatlantic.com/et/ultrices/posuere/cubilia.xml
38,Photofeed,Harold Olson,Environmental Tech,33472 Onsgard Avenue,Miami,Florida,33283,US,9-(589)975-1548,3-(416)520-7820,https://smugmug.com/proin/eu/mi/nulla.aspx
39,InnoZ,Janet Hayes,Quality Engineer,496 Hovde Drive,Baltimore,Maryland,21290,US,8-(757)898-4462,7-(961)423-0370,https://psu.edu/nullam/sit/amet/turpis/elementum/ligula.html
40,Thoughtsphere,Donald Rose,Research Assistant II,7514 Butternut Terrace,Seattle,Washington,98104,US,1-(778)207-9059,2-(719)530-4255,http://nytimes.com/dis/parturient/montes/nascetur.png
41,Skyba,Brian Henry,Actuary,953 Norway Maple Avenue,Knoxville,Tennessee,37995,US,0-(046)799-5685,7-(050)549-4696,http://mashable.com/augue/luctus/tincidunt/nulla/mollis/molestie/lorem.aspx
42,Twitternation,Jacqueline Riley,Tax Accountant,0643 Orin Way,Bronx,New York,10454,US,8-(289)316-9382,8-(936)720-9539,https://paginegialle.it/cras.xml
43,Aimbu,Eugene Moore,Programmer I,868 Johnson Lane,Anniston,Alabama,36205,US,5-(553)778-9327,8-(152)433-2548,http://goo.gl/vitae/nisi/nam/ultrices/libero/non/mattis.html
44,Tagtune,Irene Rodriguez,Structural Analysis Engineer,48 Stuart Center,Baton Rouge,Louisiana,70815,US,3-(230)150-8273,4-(796)116-7264,http://census.gov/sapien/a/libero/nam/dui.jpg
45,Skipstorm,Ralph Matthews,Budget/Accounting Analyst III,1731 Lotheville Terrace,Rochester,New York,14614,US,8-(445)400-6990,4-(378)990-3031,http://sun.com/sed.aspx
46,Jazzy,Roy Dixon,Research Nurse,89 Commercial Trail,Fairfax,Virginia,22036,US,9-(810)253-1493,3-(424)830-3356,http://google.co.jp/potenti/in/eleifend.png
47,Fliptune,Mary Dixon,Web Developer II,1 Welch Hill,San Antonio,Texas,78250,US,3-(231)331-6953,3-(869)385-8495,http://netlog.com/pretium.xml
48,Zooveo,Sharon Wagner,Database Administrator II,5 John Wall Alley,Greenville,South Carolina,29605,US,9-(272)417-2410,8-(444)410-3297,https://photobucket.com/lacinia/sapien/quis/libero/nullam.png
49,Zava,Johnny Vasquez,Dental Hygienist,4974 Elka Road,Sandy,Utah,84093,US,5-(448)727-1355,7-(882)797-3369,https://w3.org/tincidunt/ante.js
50,Feedmix,Johnny Ellis,Sales Associate,85663 Graedel Lane,Muskegon,Michigan,49444,US,9-(610)874-5509,0-(431)855-0482,http://bloglovin.com/eu/est/congue/elementum/in.js
51,Livefish,Matthew Chavez,Engineer II,791 Village Trail,Young America,Minnesota,55557,US,8-(482)642-5528,8-(816)447-0984,http://netscape.com/platea/dictumst.jsp
52,Riffpath,Christopher Wright,Systems Administrator I,04 Shasta Court,Midland,Texas,79710,US,0-(222)080-9473,5-(784)086-1851,https://hexun.com/duis.aspx
53,Skipstorm,Mary Mills,Internal Auditor,96117 Leroy Court,Carlsbad,California,92013,US,7-(859)330-6878,3-(330)447-5481,https://theguardian.com/neque/vestibulum/eget.aspx
54,Babbleblab,Steven Gilbert,GIS Technical Architect,499 Onsgard Center,Bradenton,Florida,34205,US,0-(645)889-2692,4-(253)993-9225,http://php.net/vestibulum/ante/ipsum/primis.html
55,Dynabox,David George,Software Engineer IV,3 Continental Alley,Tampa,Florida,33605,US,5-(467)620-7822,9-(705)157-7310,http://mit.edu/sodales.aspx
56,Ainyx,Paula Turner,Editor,341 Porter Way,Washington,District of Columbia,20210,US,9-(633)917-1271,7-(046)730-1069,https://facebook.com/pede/justo.js
57,Kimia,Shawn Bailey,Electrical Engineer,1829 Summer Ridge Crossing,Tulsa,Oklahoma,74170,US,3-(309)060-0422,0-(566)414-9831,http://yandex.ru/rutrum/rutrum/neque.aspx
58,Skidoo,Matthew Weaver,Software Engineer IV,181 Lyons Pass,Denver,Colorado,80228,US,3-(507)325-9467,6-(394)341-1978,https://etsy.com/penatibus/et/magnis/dis/parturient/montes/nascetur.html
59,Centidel,Sara Mendoza,Product Engineer,180 Express Place,Richmond,Virginia,23213,US,1-(346)804-3490,9-(231)797-3158,https://reddit.com/orci/eget/orci/vehicula/condimentum/curabitur/in.json
60,Babbleblab,Melissa Cole,Marketing Manager,5 Vernon Circle,Herndon,Virginia,22070,US,8-(428)077-9845,7-(998)715-0013,https://php.net/mus/etiam/vel/augue/vestibulum/rutrum.jsp
61,Yodel,Beverly Ryan,Executive Secretary,1706 Cascade Terrace,Pompano Beach,Florida,33064,US,5-(245)413-6640,7-(871)622-4154,https://businesswire.com/tellus/nulla/ut/erat/id/mauris/vulputate.aspx
62,Youopia,Lisa Anderson,Web Developer III,575 Vera Terrace,Bellevue,Washington,98008,US,4-(834)166-2317,5-(386)794-1223,http://biblegateway.com/et/ultrices/posuere/cubilia/curae/nulla/dapibus.aspx
63,Yamia,Joshua Robertson,Biostatistician I,47 Fuller Way,Columbus,Ohio,43204,US,8-(539)151-3546,2-(910)080-9902,http://statcounter.com/cubilia/curae/mauris.json
64,Shufflebeat,Michael Miller,Nurse,7685 Namekagon Place,Charleston,West Virginia,25305,US,7-(328)212-1419,3-(364)657-0466,https://google.de/mauris/laoreet/ut/rhoncus/aliquet/pulvinar/sed.jpg
65,Photofeed,Edward Henderson,Recruiter,4 Jackson Avenue,Charlotte,North Carolina,28278,US,2-(091)173-4138,2-(354)248-9191,http://hhs.gov/elementum/ligula/vehicula/consequat/morbi/a.js
66,Topicblab,Bobby Ramos,Programmer II,2965 Boyd Street,San Jose,California,95113,US,9-(248)904-3616,8-(465)542-3207,http://nationalgeographic.com/fermentum/donec/ut.aspx
67,Eabox,Brenda Rogers,Administrative Assistant III,4 Coleman Parkway,Appleton,Wisconsin,54915,US,3-(151)574-7658,0-(417)912-7799,https://ehow.com/venenatis.json
68,Voonder,Teresa Scott,Professor,58704 Walton Drive,Miami,Florida,33185,US,0-(653)926-4271,8-(551)075-6825,https://youtube.com/curabitur/convallis/duis/consequat/dui.js
69,Fivebridge,Melissa Hill,Help Desk Operator,9 Manley Circle,Sacramento,California,95865,US,9-(367)757-8605,1-(951)302-2547,https://newsvine.com/mattis/odio/donec/vitae/nisi/nam/ultrices.jsp
70,Plajo,Andrew Elliott,Paralegal,4 Warbler Park,Richmond,Virginia,23242,US,4-(443)749-8223,4-(402)427-1209,http://bigcartel.com/in.js
71,Cogidoo,Sara Walker,Account Representative II,51 Stephen Plaza,Little Rock,Arkansas,72215,US,8-(466)275-3249,3-(960)435-3087,http://bravesites.com/in/eleifend/quam/a/odio.jsp
72,Feedfire,Lori Hayes,Electrical Engineer,5 Bobwhite Avenue,Minneapolis,Minnesota,55417,US,4-(870)726-5094,9-(428)528-2312,http://reuters.com/quam/fringilla/rhoncus/mauris/enim/leo/rhoncus.xml
73,Rhybox,Robert Bradley,Food Chemist,00629 American Ash Circle,Gainesville,Florida,32610,US,5-(903)972-2807,4-(539)597-6589,http://sciencedirect.com/non.jpg
74,Wikizz,Kathy Garza,VP Sales,856 Lindbergh Parkway,Indianapolis,Indiana,46254,US,7-(245)514-3046,4-(101)517-7999,http://independent.co.uk/est/congue/elementum.json
75,Fanoodle,Janice Burke,Environmental Tech,3 Emmet Crossing,Sacramento,California,94291,US,0-(937)614-5325,8-(051)140-8213,https://dmoz.org/molestie/nibh/in/lectus/pellentesque/at.aspx
76,Gevee,Eric Carpenter,Structural Engineer,2542 Transport Circle,Philadelphia,Pennsylvania,19160,US,1-(818)996-2348,3-(530)547-3994,https://liveinternet.ru/luctus.png
77,Quamba,Kimberly Howell,Dental Hygienist,028 Havey Way,Albany,New York,12237,US,2-(347)862-4972,9-(345)522-0484,http://techcrunch.com/blandit/lacinia/erat/vestibulum.jsp
78,Kamba,Nancy Jones,Web Developer III,4373 Summer Ridge Parkway,Loretto,Minnesota,55598,US,2-(257)314-1943,9-(109)113-5225,http://fc2.com/morbi/a/ipsum/integer/a/nibh.js
79,Kwilith,Carol Hawkins,Social Worker,7 Hovde Park,Baltimore,Maryland,21239,US,2-(446)615-3777,9-(399)315-3046,http://flavors.me/nascetur.aspx
80,Kazu,Martin Garcia,Clinical Specialist,99 Michigan Street,Joliet,Illinois,60435,US,7-(888)761-3285,3-(930)308-5034,http://constantcontact.com/vitae/quam/suspendisse/potenti.html
81,Thoughtsphere,Lisa Diaz,Developer II,0 Schurz Place,Allentown,Pennsylvania,18105,US,9-(996)109-8176,8-(616)197-2416,https://who.int/quisque/ut/erat/curabitur/gravida/nisi.jpg
82,Blogpad,Karen Kennedy,Software Engineer II,711 Roth Avenue,Tallahassee,Florida,32399,US,0-(640)002-7767,9-(708)098-2245,http://themeforest.net/eget/massa/tempor/convallis/nulla/neque.js
83,Plambee,Antonio Hanson,Physical Therapy Assistant,06923 School Park,Washington,District of Columbia,20260,US,9-(706)225-0251,8-(538)070-4923,http://shareasale.com/pede/lobortis/ligula/sit/amet.js
84,Riffwire,Jason Hawkins,Research Assistant II,90 Dawn Avenue,Kansas City,Missouri,64125,US,9-(556)056-6419,5-(850)489-8982,http://hubpages.com/felis/fusce.jpg
85,Tazz,Phillip Cooper,Staff Scientist,8267 Merchant Crossing,Little Rock,Arkansas,72222,US,2-(699)831-3649,1-(564)056-5627,http://weebly.com/erat.js
86,Lazzy,Shirley Graham,Legal Assistant,504 North Hill,Washington,District of Columbia,20425,US,5-(550)818-9791,0-(054)974-2152,http://wix.com/in/felis/donec/semper.jpg
87,Wordware,Sandra Kelley,Actuary,0612 Montana Crossing,Los Angeles,California,90035,US,3-(298)034-7904,1-(286)564-9712,http://squidoo.com/rutrum/neque.json
88,Devpulse,Martin Sanchez,Pharmacist,5093 Stoughton Pass,Washington,District of Columbia,20022,US,1-(770)246-7499,0-(316)655-2975,https://lycos.com/sapien/arcu.jpg
89,Avavee,David Williams,Graphic Designer,0 Bowman Plaza,Fort Lauderdale,Florida,33345,US,5-(181)014-7020,0-(845)447-3175,https://ehow.com/enim/leo/rhoncus/sed.js
90,Roombo,Joyce Hanson,Cost Accountant,42 Milwaukee Trail,Peoria,Illinois,61651,US,5-(166)450-5426,3-(062)662-5907,http://goo.gl/mi/nulla/ac/enim/in/tempor/turpis.html
91,Feedmix,Lori Hunt,Software Engineer IV,92966 Fairfield Hill,Chicago,Illinois,60663,US,1-(390)234-3793,8-(488)242-9797,https://ameblo.jp/convallis/nunc/proin.xml
92,Pixope,Jason Price,Senior Financial Analyst,0458 Havey Center,Spartanburg,South Carolina,29305,US,8-(443)885-4043,2-(946)052-9071,http://who.int/volutpat.jpg
93,Feedbug,Peter Simmons,Nuclear Power Engineer,0280 Jenna Alley,Virginia Beach,Virginia,23459,US,5-(976)163-3440,4-(901)957-9813,http://paypal.com/sapien/sapien/non/mi/integer/ac.html
94,Flashset,Samuel Mills,Payment Adjustment Coordinator,7 Buena Vista Park,Memphis,Tennessee,38161,US,5-(438)999-5395,7-(155)126-2612,http://icio.us/semper/porta/volutpat/quam/pede.aspx
95,Wikido,Craig Fields,Office Assistant I,5290 Moland Terrace,Grand Rapids,Michigan,49560,US,1-(286)333-9093,9-(222)717-0445,http://imageshack.us/elit/proin/interdum/mauris/non/ligula/pellentesque.aspx
96,Jabberbean,Rebecca Gilbert,Tax Accountant,706 Utah Court,Duluth,Minnesota,55805,US,7-(792)005-1464,6-(055)205-2814,https://pcworld.com/pede/justo.jpg
97,Shufflester,Nicholas Fernandez,Electrical Engineer,05 Marquette Plaza,Birmingham,Alabama,35290,US,1-(549)148-7058,1-(322)169-4885,http://wikispaces.com/nibh/fusce.js
98,Voonder,Betty Duncan,Product Engineer,37 Ridgeway Alley,San Antonio,Texas,78291,US,9-(553)407-7936,2-(595)493-9310,http://bravesites.com/volutpat.js
99,Livetube,Maria Hernandez,Design Engineer,8931 Victoria Terrace,Washington,District of Columbia,20210,US,3-(802)640-9521,6-(190)937-3519,http://imgur.com/cubilia/curae/duis/faucibus/accumsan/odio.xml
100,Teklist,Elizabeth Sullivan,Chemical Engineer,700 Fordem Hill,Atlanta,Georgia,30375,US,2-(229)963-9233,7-(938)324-5381,http://whitehouse.gov/in.html
101,Zoombox,Patricia Ferguson,Research Assistant II,65147 Service Pass,Charlotte,North Carolina,28230,US,8-(470)074-0703,5-(784)349-1037,http://sciencedaily.com/magna/bibendum/imperdiet/nullam/orci.aspx
102,Meembee,Martha George,Sales Representative,685 Anhalt Terrace,Stockton,California,95298,US,5-(994)311-5334,2-(963)021-8360,http://businesswire.com/sit/amet/consectetuer/adipiscing/elit.aspx
103,Zoomlounge,Phyllis Anderson,Assistant Professor,95547 Beilfuss Trail,Louisville,Kentucky,40205,US,1-(776)003-1200,1-(526)802-6714,http://arizona.edu/quis/tortor.jsp
104,Voonyx,Pamela Robinson,Business Systems Development Analyst,76084 Chive Way,Jacksonville,Florida,32209,US,4-(304)094-0020,6-(151)518-9886,http://cnn.com/velit/nec/nisi/vulputate/nonummy.png
105,Yotz,Kenneth Pierce,Account Coordinator,3914 School Plaza,Philadelphia,Pennsylvania,19196,US,2-(657)066-3346,8-(276)599-6768,https://fastcompany.com/consequat/varius.aspx
106,Tagtune,Edward Wilson,Teacher,0 Dawn Park,Kingsport,Tennessee,37665,US,2-(324)382-8840,1-(653)625-6547,https://marketwatch.com/phasellus/in/felis/donec.png
107,Rhycero,Paula Reid,Food Chemist,957 Bartillon Parkway,Springfield,Illinois,62776,US,4-(735)140-0252,8-(955)853-1837,http://army.mil/aliquet/massa/id/lobortis.json
108,Mycat,Ernest Oliver,Operator,35 Continental Street,Albany,New York,12242,US,0-(010)856-6117,5-(304)881-1071,https://pcworld.com/nisi.jpg
109,Trunyx,Daniel Kennedy,Web Developer IV,8 Logan Alley,Glendale,California,91210,US,8-(629)692-4439,3-(261)929-2498,http://mit.edu/primis/in/faucibus/orci/luctus/et.png
110,Aimbo,Amy Ferguson,VP Accounting,213 Barnett Hill,Lincoln,Nebraska,68531,US,1-(539)722-8194,6-(582)185-0219,https://oakley.com/dictumst/etiam.html
111,Yamia,Harold Hernandez,Sales Associate,047 Morningstar Road,Raleigh,North Carolina,27690,US,3-(238)301-9229,1-(657)155-7550,http://theguardian.com/augue/a/suscipit/nulla/elit/ac.jpg
112,Zazio,Barbara Lawrence,Senior Sales Associate,31118 Mayer Park,Kansas City,Kansas,66105,US,5-(628)362-3068,4-(130)305-0655,https://cafepress.com/duis/consequat/dui.png
113,Janyx,Stephanie Cox,Occupational Therapist,00880 Sage Court,Portland,Oregon,97271,US,9-(051)565-3002,8-(723)207-2641,https://ow.ly/nibh/in/hac/habitasse.png
114,Zoomlounge,Stephanie Ray,Research Nurse,0020 Parkside Junction,Buffalo,New York,14220,US,0-(997)920-0749,1-(075)596-5000,https://newsvine.com/integer/ac/leo.jpg
115,Riffpath,Evelyn Garrett,Design Engineer,60 Bartelt Terrace,Green Bay,Wisconsin,54305,US,4-(904)324-8351,3-(060)660-6782,https://army.mil/enim/blandit/mi/in.html
116,Devpulse,Aaron Perez,Nurse,3 Fairfield Junction,Richmond,California,94807,US,4-(651)666-5667,6-(758)208-6852,http://hostgator.com/justo/sollicitudin/ut/suscipit/a.png
117,Pixoboo,Adam Welch,Account Coordinator,101 Mayer Terrace,Fort Lauderdale,Florida,33336,US,7-(024)766-2186,1-(328)136-0139,https://sourceforge.net/at/velit/vivamus/vel/nulla/eget.jpg
118,Katz,Albert Perkins,Librarian,62862 Pawling Park,Las Cruces,New Mexico,88006,US,1-(531)669-0385,5-(144)653-1017,http://berkeley.edu/metus/sapien/ut.png
119,Brainlounge,Willie Morales,Chief Design Engineer,9 Jana Circle,Miami,Florida,33261,US,3-(495)842-3701,7-(625)112-7654,https://123-reg.co.uk/curabitur/gravida/nisi.jpg
120,Linkbuzz,Judy Robertson,Data Coordiator,1971 Cordelia Point,Sacramento,California,95838,US,9-(831)848-3873,8-(347)545-8632,http://bloglovin.com/cum/sociis/natoque.jpg
121,Gabcube,Kathleen Wagner,Environmental Tech,186 Dexter Lane,Cheyenne,Wyoming,82007,US,9-(191)421-3478,4-(677)927-7894,https://geocities.com/ultrices.xml
122,Tagfeed,Harold Rodriguez,VP Sales,8023 Arizona Alley,Fargo,North Dakota,58122,US,5-(128)499-7903,0-(368)781-6639,https://nytimes.com/phasellus/id/sapien/in/sapien/iaculis/congue.json
123,Gabtune,Susan Williamson,Quality Control Specialist,1266 Anderson Junction,Baton Rouge,Louisiana,70826,US,7-(974)277-4791,2-(942)049-3421,http://shutterfly.com/tempus/vivamus/in/felis/eu/sapien.json
124,Janyx,Martha Riley,Engineer IV,0 Division Street,Houston,Texas,77075,US,6-(211)091-6264,1-(089)952-8967,http://uiuc.edu/lectus.jpg
125,Einti,Bruce Owens,Director of Sales,3 Kropf Center,Miami,Florida,33175,US,7-(315)630-7438,7-(127)486-7801,https://liveinternet.ru/vestibulum/ante/ipsum/primis.png
126,Feedmix,Linda Graham,Occupational Therapist,91 Autumn Leaf Street,Lakeland,Florida,33805,US,8-(520)566-8686,5-(663)357-8890,http://tinyurl.com/massa/donec.xml
127,Devpoint,Daniel Hanson,Budget/Accounting Analyst III,79073 South Trail,New Hyde Park,New York,11044,US,5-(066)196-0784,8-(333)492-0900,https://nationalgeographic.com/nunc/purus/phasellus.png
128,Brightbean,David Watson,Accounting Assistant II,05 Fordem Pass,Mobile,Alabama,36610,US,6-(149)048-9607,5-(724)709-7610,http://bandcamp.com/fringilla/rhoncus/mauris.json
129,Yacero,Jennifer Gray,Food Chemist,3 La Follette Place,Orlando,Florida,32835,US,9-(527)917-6962,8-(636)621-8356,http://weibo.com/posuere/cubilia/curae/duis/faucibus.js
130,Skyndu,Rose Coleman,Product Engineer,32 Darwin Terrace,Fort Wayne,Indiana,46867,US,7-(200)807-5039,6-(015)143-4968,http://wikimedia.org/mauris/vulputate/elementum.png
131,Gabvine,Carolyn Bradley,Environmental Specialist,2069 Fulton Junction,Raleigh,North Carolina,27635,US,7-(270)357-6907,3-(565)968-0436,http://foxnews.com/augue/a/suscipit/nulla/elit/ac/nulla.aspx
132,Zooxo,Eugene Moore,Marketing Manager,0 Independence Point,Kansas City,Missouri,64101,US,4-(928)308-0837,0-(863)281-3949,https://shutterfly.com/magnis/dis/parturient/montes/nascetur/ridiculus/mus.json
133,InnoZ,Harry Patterson,Recruiting Manager,2838 Shopko Alley,Eugene,Oregon,97405,US,8-(475)374-8578,2-(014)972-7977,http://icio.us/posuere/cubilia/curae/duis.jpg
134,Izio,Christine Freeman,Automation Specialist IV,0 Atwood Trail,Bradenton,Florida,34205,US,0-(402)546-6012,2-(140)657-5343,https://patch.com/viverra/diam/vitae.html
135,Quinu,Cynthia Woods,Registered Nurse,2950 Buhler Terrace,Buffalo,New York,14233,US,3-(877)090-4308,9-(088)489-9798,https://creativecommons.org/nec/nisi.aspx
136,Jetpulse,Amanda Castillo,Research Associate,8397 Warrior Court,Athens,Georgia,30605,US,6-(349)691-6786,6-(688)878-7783,https://theglobeandmail.com/vehicula/consequat/morbi/a/ipsum/integer/a.js
137,Pixoboo,Roger Nguyen,Payment Adjustment Coordinator,88835 Macpherson Junction,Detroit,Michigan,48224,US,7-(409)072-3085,2-(372)560-4260,http://prlog.org/ac/lobortis.png
138,Zooveo,Robin Thomas,Analyst Programmer,527 Bunker Hill Lane,Sacramento,California,95818,US,8-(015)101-8178,7-(293)507-6249,http://scribd.com/lectus/suspendisse.png
139,Skyvu,Gary Knight,Compensation Analyst,981 Anderson Circle,Wilmington,Delaware,19892,US,0-(856)438-6996,1-(068)714-4528,http://unicef.org/interdum/in/ante/vestibulum/ante/ipsum/primis.html
140,Thoughtblab,Theresa Fox,Geological Engineer,59063 Oneill Terrace,Pensacola,Florida,32575,US,4-(068)589-5679,7-(324)438-8114,https://businessinsider.com/lacinia/eget.js
141,Feedbug,Louis Watson,Office Assistant I,21 Algoma Avenue,New Hyde Park,New York,11044,US,2-(480)809-7887,1-(524)689-3491,http://hubpages.com/libero/convallis/eget/eleifend.aspx
142,Jaxspan,Ann Lopez,Social Worker,27 Sullivan Alley,Saint Augustine,Florida,32092,US,6-(157)088-1212,2-(508)252-6674,https://un.org/habitasse/platea.xml
143,Jaloo,Amy Webb,Assistant Manager,0 Jenifer Parkway,Mountain View,California,94042,US,3-(990)256-4307,4-(787)050-6727,http://purevolume.com/facilisi.html
144,Linkbridge,Ronald Long,Marketing Assistant,433 Bunker Hill Way,Fort Worth,Texas,76110,US,0-(408)866-3099,6-(269)238-5121,http://tripadvisor.com/bibendum/imperdiet.xml
145,Abata,Lillian Webb,Clinical Specialist,11610 Eastwood Center,El Paso,Texas,88514,US,9-(590)589-5318,9-(967)239-2329,http://cpanel.net/vestibulum/ante/ipsum/primis/in.js
146,Lajo,Anthony Reid,GIS Technical Architect,3 Union Circle,Brooklyn,New York,11231,US,6-(405)526-3004,5-(424)242-4680,https://opera.com/potenti/in/eleifend.js
147,Twitterbeat,Justin Cruz,Analyst Programmer,20 New Castle Court,Portland,Oregon,97240,US,2-(012)785-7278,4-(098)829-7740,https://netlog.com/mi/sit/amet/lobortis.jpg
148,Lazzy,Thomas Watkins,Quality Engineer,9107 Garrison Circle,Sacramento,California,94237,US,8-(658)067-9170,0-(177)645-9830,https://va.gov/ut/rhoncus/aliquet/pulvinar/sed/nisl.html
149,Fanoodle,Matthew Holmes,Marketing Manager,870 Eggendart Center,Garden Grove,California,92844,US,2-(857)303-5522,8-(862)312-9230,http://samsung.com/ut/ultrices.png
150,Divanoodle,Irene Cole,Graphic Designer,024 Ruskin Center,East Saint Louis,Illinois,62205,US,1-(210)033-0996,3-(859)076-3729,https://tinyurl.com/hac/habitasse.jpg
151,Tagpad,Matthew Jackson,Nuclear Power Engineer,9180 Talisman Lane,Houston,Texas,77055,US,2-(606)143-7379,8-(543)803-8043,https://seesaa.net/dapibus.js
152,Myworks,Jason Taylor,Payment Adjustment Coordinator,60 Amoth Park,Sacramento,California,94273,US,7-(808)842-4259,3-(897)405-7250,https://plala.or.jp/diam/erat/fermentum/justo/nec.js
153,Wikizz,Carl Palmer,Senior Sales Associate,4933 Mccormick Way,Annapolis,Maryland,21405,US,7-(064)712-7490,1-(032)979-5607,http://imageshack.us/habitasse/platea/dictumst.aspx
154,Leenti,Andrea Romero,Editor,62 Farwell Center,Raleigh,North Carolina,27635,US,9-(137)046-9351,4-(640)743-1239,http://nsw.gov.au/suscipit/a/feugiat/et/eros.js
155,Topicblab,Philip George,Social Worker,077 Monterey Terrace,Houston,Texas,77030,US,9-(180)013-9997,2-(817)165-2139,http://wsj.com/penatibus/et/magnis/dis/parturient.html
156,Devshare,Denise Fisher,Information Systems Manager,813 Portage Terrace,Huntsville,Alabama,35805,US,5-(465)015-3744,0-(298)775-4476,http://weibo.com/et/ultrices/posuere/cubilia.png
157,Yakitri,Samuel Hicks,Office Assistant II,1 Fisk Road,Billings,Montana,59112,US,6-(868)608-3274,7-(463)962-7378,https://amazon.co.jp/dapibus/duis/at/velit.xml
158,Izio,Jason Sims,Information Systems Manager,89282 Green Court,Buffalo,New York,14225,US,4-(751)471-8321,8-(317)251-1235,http://yolasite.com/id/sapien/in/sapien.js
159,Babbleset,Ruby Walker,Assistant Manager,4 3rd Place,Omaha,Nebraska,68110,US,3-(036)949-6726,8-(774)030-1203,https://pbs.org/hac/habitasse/platea/dictumst/morbi.jsp
160,Gabtune,Evelyn Stone,Compensation Analyst,31 Ridge Oak Crossing,Lynchburg,Virginia,24503,US,3-(001)148-0863,1-(752)641-9322,http://pbs.org/parturient/montes/nascetur.aspx
161,Linkbridge,Jonathan Hawkins,Civil Engineer,59 Beilfuss Avenue,Miami,Florida,33185,US,8-(432)620-0011,9-(179)410-9982,http://shinystat.com/ipsum/primis/in/faucibus/orci/luctus.png
162,Aimbu,Evelyn Wood,Human Resources Assistant I,4090 Quincy Lane,Newark,New Jersey,07104,US,2-(469)991-4595,0-(737)857-7508,http://multiply.com/ipsum/ac/tellus/semper.js
163,Thoughtbeat,Anna West,General Manager,9612 Beilfuss Junction,Sacramento,California,94297,US,7-(757)482-2520,8-(282)147-6156,https://i2i.jp/donec/pharetra/magna.png
164,Vinte,Lois Medina,Quality Control Specialist,03231 Namekagon Court,Hot Springs National Park,Arkansas,71914,US,2-(647)321-9568,0-(568)878-6065,http://amazon.com/vel/lectus/in/quam/fringilla.json
165,Cogidoo,Shirley Riley,Project Manager,5655 Roth Crossing,El Paso,Texas,88584,US,7-(865)041-4802,9-(843)341-7056,http://ucoz.ru/et/ultrices/posuere/cubilia/curae/mauris/viverra.aspx
166,Jabbersphere,Joshua Gilbert,Internal Auditor,5371 Vera Junction,Salt Lake City,Utah,84145,US,2-(608)420-1823,4-(768)430-8113,https://ft.com/vestibulum/ante/ipsum/primis/in/faucibus/orci.html
167,Blogspan,Cheryl Wells,Recruiting Manager,15 Briar Crest Way,Fort Pierce,Florida,34981,US,2-(711)542-9789,6-(856)685-5811,https://wired.com/quis/libero/nullam/sit.aspx
168,Avavee,Paula Alvarez,Speech Pathologist,5940 Dorton Point,Hollywood,Florida,33028,US,7-(992)001-9399,6-(429)269-5194,https://state.tx.us/dictumst.json
169,Zoozzy,Norma Riley,Legal Assistant,02 Northland Drive,Peoria,Illinois,61651,US,8-(472)272-8478,0-(757)017-7666,http://squidoo.com/tortor/risus/dapibus/augue.json
170,Rhynoodle,Emily Robinson,Automation Specialist I,916 Parkside Avenue,Knoxville,Tennessee,37931,US,9-(860)062-0874,8-(617)988-8877,http://barnesandnoble.com/ullamcorper/augue/a/suscipit.xml
171,Blogtag,Frances Flores,Senior Sales Associate,1 Emmet Parkway,Van Nuys,California,91411,US,3-(390)390-6501,6-(345)473-1163,http://house.gov/parturient/montes/nascetur/ridiculus/mus/vivamus/vestibulum.js
172,Brainverse,Joe Bell,Health Coach II,00784 Jenna Trail,Scranton,Pennsylvania,18505,US,7-(225)333-4972,3-(015)937-1926,http://angelfire.com/ultrices/mattis/odio/donec/vitae/nisi.jpg
173,DabZ,Marilyn Dixon,Web Developer III,52498 Emmet Way,Lancaster,Pennsylvania,17605,US,1-(778)117-9728,6-(721)037-5714,http://nbcnews.com/dui.aspx
174,Digitube,Rose Allen,Research Associate,852 Bultman Street,Flushing,New York,11355,US,4-(386)166-5549,2-(072)778-7005,https://cisco.com/maecenas/pulvinar/lobortis/est/phasellus/sit/amet.json
175,Meejo,Steve Nichols,Software Engineer IV,7 Express Circle,Albany,New York,12222,US,6-(218)592-8225,1-(272)327-4336,http://boston.com/odio/in/hac.png
176,Podcat,Henry Jackson,Sales Associate,41 Gina Drive,Flushing,New York,11355,US,7-(163)979-0821,8-(485)901-1155,https://youku.com/montes.aspx
177,Ainyx,Cynthia Lawson,Staff Scientist,400 Dryden Point,Charlotte,North Carolina,28278,US,3-(392)042-2100,5-(700)789-3487,http://1688.com/leo.jsp
178,Trupe,Carlos Palmer,Desktop Support Technician,0189 Grim Street,Atlanta,Georgia,30392,US,1-(108)984-3757,6-(475)329-5534,https://163.com/nulla/sed/accumsan/felis/ut/at/dolor.jsp
179,Twitterbeat,Billy Patterson,Geologist II,841 La Follette Road,Saint Louis,Missouri,63196,US,6-(276)774-6017,9-(836)280-5938,http://mail.ru/penatibus/et/magnis/dis.png
180,Thoughtblab,Katherine Grant,Payment Adjustment Coordinator,37463 Meadow Valley Drive,Lynchburg,Virginia,24503,US,1-(338)151-0284,4-(186)663-5043,https://shop-pro.jp/sociis.png
181,Twitterlist,Frances Alexander,Civil Engineer,3 Schiller Street,Lawrenceville,Georgia,30245,US,2-(493)639-4174,5-(057)253-2015,http://cyberchimps.com/id/nisl/venenatis/lacinia/aenean.xml
182,Meevee,Gerald Bailey,Data Coordiator,35 Prentice Pass,Boston,Massachusetts,02208,US,0-(034)275-2990,6-(153)847-4950,https://harvard.edu/in/est/risus/auctor/sed.jsp
183,Divanoodle,Billy Rivera,Programmer III,81 Blackbird Point,Louisville,Kentucky,40280,US,4-(298)989-8067,7-(337)200-1326,http://networkadvertising.org/ultrices/aliquet.xml
184,Voonte,Susan Burton,Senior Editor,42782 Quincy Plaza,Columbus,Mississippi,39705,US,0-(100)734-7522,0-(703)962-5457,https://wired.com/curabitur/gravida.aspx
185,Shufflebeat,Phyllis Andrews,Nurse,53681 Village Green Avenue,Lexington,Kentucky,40596,US,5-(521)146-0856,4-(446)111-3080,http://nytimes.com/volutpat/dui/maecenas.xml
186,Meevee,Jessica Johnson,Teacher,991 Miller Alley,Grand Junction,Colorado,81505,US,2-(895)582-9251,0-(152)102-1789,http://weather.com/tellus/in/sagittis/dui/vel.json
187,Yodoo,Deborah Boyd,Assistant Professor,259 Arizona Hill,Farmington,Michigan,48335,US,6-(776)961-5567,9-(656)639-5395,http://twitpic.com/hac/habitasse/platea/dictumst.json
188,Abatz,Eric Lawson,Senior Editor,06837 Kropf Alley,Birmingham,Alabama,35220,US,0-(868)343-6454,1-(736)542-2644,https://mlb.com/diam/neque.js
189,Eidel,Matthew Alexander,Environmental Tech,635 1st Street,Springfield,Illinois,62723,US,2-(848)341-2873,1-(947)725-1602,http://army.mil/donec/diam/neque/vestibulum/eget.js
190,Mydeo,Gregory Lewis,Junior Executive,917 Sachs Court,Palm Bay,Florida,32909,US,5-(317)085-8398,8-(792)288-0791,http://nifty.com/parturient/montes/nascetur/ridiculus/mus.jsp
191,Photobug,Martha Powell,Community Outreach Specialist,7738 Glendale Plaza,Boulder,Colorado,80305,US,8-(286)856-3543,6-(224)143-1653,http://nydailynews.com/justo/morbi/ut/odio/cras.aspx
192,Wikizz,Ashley Stanley,Quality Control Specialist,349 Oak Valley Road,Reading,Pennsylvania,19605,US,4-(281)445-5317,1-(568)178-3438,https://oakley.com/libero/rutrum/ac/lobortis/vel/dapibus/at.aspx
193,Mycat,Craig Sullivan,Operator,4 Prairie Rose Crossing,Pensacola,Florida,32590,US,4-(852)982-9924,9-(578)587-7503,http://stanford.edu/magnis/dis.jsp
194,Voonte,Kathy Allen,VP Accounting,95 Sugar Terrace,Lexington,Kentucky,40546,US,6-(732)982-5339,1-(612)452-0851,https://webs.com/iaculis/justo/in/hac.json
195,Einti,Carl Vasquez,Human Resources Assistant II,1 Village Street,Lexington,Kentucky,40524,US,5-(616)841-3008,9-(274)235-4260,http://technorati.com/bibendum/morbi/non/quam.png
196,Lajo,Wanda Lewis,Sales Associate,7417 Macpherson Way,Apache Junction,Arizona,85219,US,4-(936)361-8182,0-(459)165-1492,http://ibm.com/vel/pede/morbi/porttitor/lorem/id.aspx
197,Jetwire,Bonnie Nelson,Physical Therapy Assistant,264 Scott Circle,Trenton,New Jersey,08619,US,9-(293)341-0896,0-(627)829-2166,https://amazonaws.com/libero/nam/dui/proin/leo/odio/porttitor.xml
198,Katz,Douglas Elliott,Technical Writer,2887 Eastlawn Center,Bakersfield,California,93386,US,1-(563)770-1003,3-(455)824-1303,https://ehow.com/faucibus/orci/luctus/et/ultrices/posuere.jpg
199,Kaymbo,Joan Porter,Staff Scientist,6 Muir Lane,Amarillo,Texas,79118,US,1-(933)586-7209,8-(053)646-1572,http://wp.com/orci.xml
200,Jaxworks,Maria Mendoza,Senior Developer,06436 Michigan Terrace,Colorado Springs,Colorado,80915,US,1-(400)657-0818,4-(870)089-7337,http://bluehost.com/hac/habitasse/platea/dictumst/etiam/faucibus/cursus.jpg
201,Muxo,Anne Campbell,Account Executive,2 Butterfield Way,Memphis,Tennessee,38109,US,8-(171)691-7284,0-(859)285-1367,https://php.net/nunc/nisl.json
202,Geba,William Lopez,Developer IV,1488 Nova Avenue,Port Saint Lucie,Florida,34985,US,9-(776)161-0010,5-(843)829-0079,http://godaddy.com/sit/amet/nunc/viverra.jsp
203,Aivee,Jonathan Edwards,GIS Technical Architect,06850 Lerdahl Road,Glendale,Arizona,85311,US,0-(777)657-0852,9-(842)977-4552,https://microsoft.com/nisl/duis.png
204,Riffpedia,Angela Perkins,Health Coach II,04 Sheridan Alley,Modesto,California,95354,US,0-(748)179-6979,0-(225)474-3616,https://phoca.cz/purus/eu/magna/vulputate/luctus.html
205,Buzzdog,Benjamin George,Software Test Engineer III,87 Moland Trail,Seattle,Washington,98185,US,7-(243)121-2490,2-(495)112-1254,https://techcrunch.com/mus/etiam.jsp
206,Trilia,Dennis Sanders,Environmental Tech,37 Northport Drive,Fort Worth,Texas,76147,US,4-(604)059-9152,2-(760)366-3194,http://de.vu/magna/ac/consequat.json
207,Ailane,Diane Wright,Electrical Engineer,81706 Buell Point,Oklahoma City,Oklahoma,73109,US,1-(557)134-5364,4-(339)098-1869,https://a8.net/mi/in/porttitor/pede/justo.json
208,Skynoodle,Theresa Jenkins,Mechanical Systems Engineer,427 Sage Plaza,Van Nuys,California,91406,US,6-(403)260-2621,5-(245)278-0431,https://biblegateway.com/at/ipsum.jpg
209,Jabbersphere,Johnny Scott,Geological Engineer,1902 Judy Parkway,Dallas,Texas,75387,US,5-(136)336-9095,5-(026)089-8508,http://nytimes.com/aliquam/augue/quam/sollicitudin/vitae.jsp
210,Centidel,Lawrence Robinson,Recruiting Manager,7 Oneill Terrace,Eugene,Oregon,97405,US,1-(973)943-4970,8-(950)771-9269,https://youku.com/dui/nec/nisi/volutpat/eleifend/donec/ut.js
211,Twitterworks,Daniel Dean,VP Sales,448 Kenwood Terrace,Birmingham,Alabama,35285,US,5-(624)805-0275,0-(899)308-9268,https://bing.com/ullamcorper/purus/sit/amet/nulla.jsp
212,Skipfire,Maria Reyes,Software Engineer III,76 Northport Street,Los Angeles,California,90065,US,5-(592)941-4203,8-(620)549-5335,http://mail.ru/erat/quisque/erat/eros/viverra/eget.xml
213,Meevee,Harry Lopez,Assistant Professor,92607 Havey Terrace,Charlotte,North Carolina,28215,US,1-(368)759-5799,8-(250)775-3942,https://bandcamp.com/in/hac/habitasse/platea/dictumst/aliquam.xml
214,Shufflester,Julie Fields,Research Nurse,34 New Castle Street,Panama City,Florida,32412,US,0-(210)839-7528,8-(879)007-3840,http://free.fr/vivamus.json
215,Eadel,Martha Mason,Account Executive,11 Pearson Crossing,Philadelphia,Pennsylvania,19136,US,3-(873)128-9411,9-(229)504-1219,https://wikimedia.org/lectus/pellentesque/eget/nunc/donec/quis/orci.json
216,Zooxo,Roy Lawson,Account Coordinator,22955 Graceland Parkway,Bradenton,Florida,34210,US,8-(045)729-8220,1-(457)197-5737,http://usnews.com/cubilia/curae/donec.js
217,Leexo,Patrick Morris,Recruiter,0995 Autumn Leaf Crossing,Birmingham,Alabama,35244,US,8-(670)203-4874,3-(040)021-3591,https://harvard.edu/amet/nulla/quisque/arcu/libero.xml
218,Mydeo,Pamela Ortiz,Mechanical Systems Engineer,80 Buell Hill,Evansville,Indiana,47732,US,7-(927)478-7946,4-(881)433-1928,https://sakura.ne.jp/sit/amet/sem.html
219,Voonder,Debra Woods,Assistant Manager,224 Duke Point,Charlotte,North Carolina,28210,US,3-(264)040-9242,9-(385)108-9154,https://artisteer.com/magnis/dis/parturient.png
220,Flipstorm,Doris Holmes,Project Manager,698 Basil Trail,Houston,Texas,77090,US,5-(359)981-5101,7-(920)896-1280,https://last.fm/facilisi.xml
221,Leexo,Samuel Patterson,Administrative Assistant I,93826 American Ash Alley,Baton Rouge,Louisiana,70883,US,9-(459)192-6595,4-(951)851-1264,http://weibo.com/consequat.png
222,Yodoo,Christine Palmer,Nurse Practicioner,768 Corry Pass,Reading,Pennsylvania,19610,US,3-(459)852-6872,5-(440)192-1590,https://ox.ac.uk/tortor/quis/turpis/sed/ante.jpg
223,Buzzster,Margaret Clark,Tax Accountant,8 Village Green Place,Charlotte,North Carolina,28242,US,4-(670)605-1355,5-(055)995-8404,http://a8.net/non/interdum/in.jsp
224,Ntags,Jimmy Myers,Account Executive,15 Ilene Court,Evansville,Indiana,47705,US,8-(026)006-9080,4-(308)419-6064,http://exblog.jp/sociis/natoque/penatibus/et/magnis.jpg
225,Tazz,Jennifer Gonzales,Compensation Analyst,50 East Crossing,Lexington,Kentucky,40546,US,1-(497)135-4897,0-(390)026-4314,https://thetimes.co.uk/consequat/lectus/in/est/risus/auctor/sed.png
226,Photojam,Mildred Ward,Administrative Assistant IV,2 Jackson Alley,Arlington,Virginia,22244,US,2-(729)210-4518,1-(483)117-9411,http://ted.com/quis/augue.jsp
227,Snaptags,Catherine Banks,Pharmacist,48 Manufacturers Court,Minneapolis,Minnesota,55470,US,4-(163)356-6890,1-(442)037-8612,http://narod.ru/hac/habitasse/platea.jpg
228,Twitterbridge,Matthew Burke,Recruiter,48303 Anthes Court,Stockton,California,95219,US,2-(279)082-4395,3-(988)954-7675,http://blinklist.com/diam/neque/vestibulum/eget/vulputate/ut/ultrices.jpg
229,Yodoo,Gloria Dunn,Executive Secretary,5551 Amoth Road,Norfolk,Virginia,23520,US,0-(688)037-7454,2-(649)708-6762,http://typepad.com/massa/id.jsp
230,Jabberbean,Henry Morris,Project Manager,710 Bayside Crossing,Colorado Springs,Colorado,80945,US,4-(754)942-7478,7-(094)127-1762,https://go.com/neque/duis.xml
231,Tagchat,Denise Evans,Marketing Assistant,69627 Paget Trail,Saginaw,Michigan,48609,US,9-(349)948-5908,1-(148)929-0961,https://yelp.com/sit.jpg
232,Ntags,Rebecca Morgan,Financial Advisor,7 Longview Way,Washington,District of Columbia,20268,US,6-(424)039-5843,0-(408)427-1283,http://wix.com/luctus/cum/sociis/natoque/penatibus.xml
233,Feedbug,Willie Torres,Software Test Engineer IV,11151 Warner Park,Spokane,Washington,99210,US,9-(220)774-0479,9-(653)803-0258,https://pen.io/lobortis/vel/dapibus/at/diam/nam.xml
234,Linklinks,Joe Peterson,Help Desk Operator,3 Becker Way,Irvine,California,92612,US,6-(090)863-8682,5-(227)868-1946,https://businessinsider.com/at/nibh/in/hac.json
235,Quimba,Justin Cole,Design Engineer,2 Northland Center,Newark,Delaware,19714,US,1-(475)444-3582,4-(178)908-2200,http://fastcompany.com/vestibulum/rutrum/rutrum/neque/aenean/auctor.jpg
236,Twitterwire,Maria Bailey,Desktop Support Technician,7 Lukken Court,Brooklyn,New York,11215,US,8-(001)941-0092,9-(605)193-2160,https://sfgate.com/habitasse/platea/dictumst/maecenas/ut/massa/quis.jpg
237,Plambee,Carl Medina,Account Executive,664 American Ash Place,Oklahoma City,Oklahoma,73135,US,8-(063)432-4486,9-(072)773-9311,http://latimes.com/habitasse/platea/dictumst/maecenas.aspx
238,Oyoba,Paul Henry,Chemical Engineer,941 Rieder Hill,San Diego,California,92160,US,4-(365)213-5999,6-(541)657-9859,https://yandex.ru/non/pretium/quis/lectus.json
239,Voomm,Terry Ray,Nurse,081 Atwood Street,Memphis,Tennessee,38161,US,2-(727)570-0919,8-(001)098-3631,https://de.vu/luctus/et/ultrices/posuere/cubilia/curae/donec.html
240,Dabtype,Martha Perkins,Recruiter,3 Scott Street,Lansing,Michigan,48912,US,3-(676)270-6045,1-(520)261-8451,http://elpais.com/vestibulum/quam/sapien/varius/ut.aspx
241,Linklinks,Sharon Fields,Sales Representative,869 Ridge Oak Way,Burbank,California,91520,US,6-(381)191-9535,4-(863)054-6963,http://instagram.com/in/est/risus/auctor/sed/tristique.jsp
242,Wordify,Stephen Fisher,Dental Hygienist,4574 Mayer Pass,Columbia,South Carolina,29203,US,4-(786)574-4606,1-(673)582-7990,http://mozilla.org/vestibulum/proin/eu/mi/nulla/ac.jsp
243,Meeveo,Keith Stone,Assistant Manager,18 Lukken Crossing,Pasadena,California,91125,US,7-(342)660-0552,4-(913)804-6085,https://wisc.edu/quam/sapien/varius/ut/blandit.aspx
244,Fatz,Cynthia Ortiz,Editor,4487 Parkside Plaza,Roanoke,Virginia,24048,US,8-(137)860-1349,6-(115)550-1142,https://columbia.edu/duis/consequat/dui/nec/nisi/volutpat.jsp
245,Browsecat,Jeffrey Tucker,Graphic Designer,25 Meadow Vale Center,Lawrenceville,Georgia,30245,US,6-(080)492-3738,7-(014)613-1413,http://craigslist.org/in/ante/vestibulum/ante.aspx
246,Dynabox,Kimberly Brooks,Human Resources Assistant I,28 Lindbergh Hill,Redwood City,California,94064,US,5-(967)495-3519,1-(434)412-6978,https://hugedomains.com/odio/odio.png
247,Realpoint,Craig Howell,Research Associate,07 Charing Cross Lane,Lexington,Kentucky,40510,US,4-(731)468-3140,0-(512)024-9411,http://huffingtonpost.com/erat/tortor/sollicitudin/mi/sit.xml
248,Zazio,Harold Henderson,Programmer Analyst III,261 Burning Wood Way,Birmingham,Alabama,35236,US,7-(346)632-1212,9-(017)145-2649,https://icq.com/sed.json
249,Vinder,Ernest Cole,Quality Engineer,459 Merrick Place,Dallas,Texas,75323,US,1-(577)892-1092,0-(621)888-9919,http://aol.com/felis/sed/interdum/venenatis.png
250,Thoughtworks,Ryan Hansen,VP Accounting,31 Portage Alley,Elizabeth,New Jersey,07208,US,8-(886)801-0426,2-(630)447-1844,https://imgur.com/aliquam/convallis/nunc/proin/at.png
251,Zooxo,Jean Riley,Human Resources Manager,9297 Vermont Center,Milwaukee,Wisconsin,53234,US,8-(313)139-4342,3-(165)184-4518,https://theguardian.com/quisque/ut/erat/curabitur/gravida.aspx
252,Voonix,Andrew Peterson,Sales Associate,85 Center Circle,Boulder,Colorado,80328,US,5-(328)070-3557,1-(631)228-2918,http://state.tx.us/mi/nulla/ac.json
253,Browsecat,Johnny Reed,Computer Systems Analyst IV,3451 Kedzie Trail,Washington,District of Columbia,20051,US,2-(124)517-5775,2-(672)981-4745,https://mail.ru/mauris/enim.js
254,Skynoodle,Sara Fields,Food Chemist,9 Tomscot Park,Winston Salem,North Carolina,27110,US,3-(722)286-4062,9-(163)441-0704,https://ucla.edu/posuere/felis.js
255,Demizz,Rebecca Nichols,Assistant Professor,76846 Coleman Court,Brooklyn,New York,11241,US,4-(263)387-0310,9-(053)106-9663,https://creativecommons.org/augue/vestibulum/ante/ipsum/primis/in/faucibus.xml
256,Skimia,Christine Gomez,Information Systems Manager,3 Laurel Pass,Jacksonville,Florida,32244,US,9-(546)854-8287,4-(390)011-1868,https://vinaora.com/augue/a.html
257,Oloo,Sarah Wilson,Dental Hygienist,68395 Amoth Junction,San Francisco,California,94116,US,1-(334)926-5015,3-(965)439-7519,http://dailymotion.com/convallis/nunc.xml
258,Flashspan,Amanda Dixon,Social Worker,96431 Bunting Place,Colorado Springs,Colorado,80920,US,7-(806)226-1245,7-(790)580-2591,https://so-net.ne.jp/luctus/nec/molestie.png
259,Demivee,Billy Garza,Librarian,89 Forster Crossing,Camden,New Jersey,08104,US,2-(515)375-8201,6-(140)662-4612,https://skyrock.com/nam/tristique/tortor/eu.json
260,Skinix,Andrea Grant,Mechanical Systems Engineer,496 Sauthoff Court,Akron,Ohio,44329,US,7-(139)407-1864,2-(604)880-2779,https://skyrock.com/sagittis/sapien/cum/sociis.jsp
261,Skiba,Cynthia Henry,Statistician I,462 Prentice Center,Brooklyn,New York,11205,US,7-(278)341-9044,9-(098)039-4673,http://salon.com/faucibus/accumsan/odio.jpg
262,Gabtune,Gregory Lopez,Administrative Officer,737 Sugar Crossing,Kissimmee,Florida,34745,US,5-(438)887-4414,2-(295)112-7583,http://ning.com/justo/etiam/pretium.html
263,Wikivu,Peter Rose,Research Associate,31496 Iowa Circle,Washington,District of Columbia,20088,US,4-(081)536-7257,3-(308)389-9548,https://wunderground.com/at/nibh/in/hac.xml
264,Flashspan,Julie Little,Account Coordinator,427 Jackson Terrace,Saint Petersburg,Florida,33742,US,6-(545)792-1902,3-(707)229-3626,https://marketwatch.com/dui/maecenas/tristique/est.js
265,Jabberstorm,Jason Gonzales,Human Resources Assistant III,4 Shasta Park,Pasadena,California,91125,US,9-(745)876-2877,0-(909)962-1444,https://wufoo.com/erat/vestibulum/sed/magna/at/nunc/commodo.png
266,Layo,Gerald Morrison,Senior Editor,9339 Nova Crossing,Evansville,Indiana,47719,US,5-(646)615-1136,7-(152)056-5914,https://nymag.com/justo.aspx
267,Dynava,Frank Bell,Design Engineer,3234 Welch Center,San Diego,California,92186,US,7-(591)095-8423,8-(869)542-6130,http://bigcartel.com/interdum/in/ante/vestibulum/ante/ipsum.jpg
268,Gevee,Richard Moore,Payment Adjustment Coordinator,652 Maryland Hill,Corpus Christi,Texas,78465,US,5-(565)403-9437,5-(161)031-3586,https://wikia.com/sit/amet/nunc/viverra/dapibus.jpg
269,Eadel,Jennifer Armstrong,Account Representative I,49428 Cardinal Park,Canton,Ohio,44710,US,4-(205)057-5077,5-(641)203-7145,https://omniture.com/diam/cras/pellentesque/volutpat/dui.aspx
270,Vitz,Ronald Gomez,Editor,49577 Graceland Road,Fresno,California,93715,US,5-(572)912-1504,8-(044)060-4363,http://psu.edu/ipsum.js
271,Oozz,Karen Payne,Statistician I,447 Beilfuss Court,Wilkes Barre,Pennsylvania,18763,US,1-(509)063-8726,3-(736)459-8650,http://fda.gov/eget/massa.aspx
272,Jabberstorm,Judy Myers,General Manager,3 Clyde Gallagher Hill,Minneapolis,Minnesota,55417,US,4-(499)825-1521,4-(199)856-9170,https://sphinn.com/suscipit/ligula/in/lacus.js
273,Eidel,Karen Wright,Senior Quality Engineer,558 Hooker Drive,Pensacola,Florida,32595,US,6-(746)627-0019,9-(420)171-9737,http://twitter.com/rutrum.jsp
274,Chatterbridge,Louis Grant,Clinical Specialist,17 Reinke Terrace,Anaheim,California,92825,US,5-(903)498-6111,4-(377)566-5636,https://dedecms.com/et/tempus.xml
275,Tanoodle,Edward Flores,Automation Specialist I,0602 Myrtle Alley,Spokane,Washington,99220,US,8-(104)302-6981,1-(220)448-2110,http://squarespace.com/vestibulum/ac/est/lacinia.html
276,Youspan,Jimmy Sullivan,Financial Advisor,270 Shasta Road,Buffalo,New York,14220,US,9-(371)431-5649,9-(656)267-5725,https://blogtalkradio.com/lobortis.xml
277,Yozio,Wayne Long,VP Accounting,6534 Stoughton Plaza,Portland,Oregon,97211,US,5-(535)625-4146,5-(965)074-2376,https://foxnews.com/convallis/duis.js
278,Trudeo,Anthony Ramirez,Developer III,72713 American Center,Chattanooga,Tennessee,37410,US,1-(611)577-0698,3-(274)029-3258,https://va.gov/ante/ipsum/primis/in/faucibus/orci/luctus.js
279,Skibox,Juan Harris,Environmental Tech,553 Bashford Place,Clearwater,Florida,34615,US,4-(712)907-0819,6-(314)329-3617,https://issuu.com/habitasse/platea/dictumst/aliquam/augue/quam/sollicitudin.jpg
280,Fliptune,Joe Johnson,Food Chemist,444 Merry Center,Santa Rosa,California,95405,US,6-(929)563-1915,3-(024)221-8831,https://prnewswire.com/consequat/varius/integer/ac.json
281,Twinte,Lori Jackson,VP Product Management,0 Riverside Plaza,Seattle,Washington,98166,US,2-(828)982-9328,1-(872)504-2010,https://ebay.co.uk/nulla.json
282,Wikibox,Anna Banks,Programmer IV,2 Forest Dale Plaza,New Orleans,Louisiana,70179,US,2-(121)796-1420,3-(077)037-2819,http://ucoz.com/proin/leo/odio/porttitor/id/consequat/in.html
283,Gigabox,Russell Kim,Legal Assistant,09964 Dakota Place,San Jose,California,95133,US,8-(626)448-3628,9-(133)818-1359,http://blogtalkradio.com/varius/integer.png
284,Meembee,Louise Arnold,Statistician I,59 Evergreen Park,Abilene,Texas,79699,US,6-(209)355-0891,2-(526)104-6437,http://uiuc.edu/tempus.jpg
285,Trupe,Russell Sullivan,VP Marketing,3626 Bonner Park,Saint Petersburg,Florida,33737,US,3-(987)281-4408,0-(969)121-1546,https://last.fm/eleifend/quam/a/odio/in.html
286,Omba,Jesse Gilbert,Senior Developer,540 Lindbergh Plaza,Evansville,Indiana,47712,US,4-(446)290-3274,7-(421)500-2360,http://amazonaws.com/curae.html
287,Blognation,Marilyn Elliott,Environmental Tech,737 Graedel Road,Colorado Springs,Colorado,80930,US,1-(619)621-9812,8-(203)682-3001,https://networksolutions.com/magnis.jsp
288,Meejo,Ann Little,VP Accounting,42368 Truax Parkway,Annapolis,Maryland,21405,US,3-(262)674-9489,3-(066)528-9043,https://hostgator.com/orci/luctus.png
289,Thoughtbridge,Tammy Martinez,Help Desk Operator,28080 Larry Circle,Escondido,California,92030,US,1-(807)044-1512,1-(325)517-4031,http://ustream.tv/quisque/id/justo/sit/amet/sapien/dignissim.jpg
290,Yacero,Teresa Ryan,VP Marketing,4 Thompson Center,Des Moines,Iowa,50310,US,3-(103)916-2718,2-(034)189-8555,https://freewebs.com/curae/duis/faucibus/accumsan/odio/curabitur.json
